client_id,family,method,max_spectral_radius,min_spectral_margin,seed
nominal_00,nominal,M1,0.9587691477473751,0.041230852252624905,1
nominal_00,nominal,M2,0.9596012605211278,0.04039873947887218,1
nominal_00,nominal,M3,0.9616714638414715,0.03832853615852849,1
nominal_00,nominal,M4,0.9624003948826793,0.037599605117320745,1
nominal_00,nominal,M5,0.9620913744712183,0.037908625528781714,1
nominal_01,nominal,M1,0.9576362755784689,0.042363724421531135,1
nominal_01,nominal,M2,0.9586750099699752,0.041324990030024766,1
nominal_01,nominal,M3,0.9609297235462224,0.039070276453777586,1
nominal_01,nominal,M4,0.9617956333162868,0.03820436668371319,1
nominal_01,nominal,M5,0.9614549130954152,0.0385450869045848,1
nominal_02,nominal,M1,0.9581039936116218,0.041896006388378204,1
nominal_02,nominal,M2,0.9590849909983287,0.04091500900167133,1
nominal_02,nominal,M3,0.9612719769125632,0.038728023087436836,1
nominal_02,nominal,M4,0.9621014495485638,0.0378985504514362,1
nominal_02,nominal,M5,0.9617709565065988,0.03822904349340117,1
nominal_03,nominal,M1,0.958867662712553,0.04113233728744703,1
nominal_03,nominal,M2,0.9597619224750918,0.040238077524908156,1
nominal_03,nominal,M3,0.9618454887963349,0.03815451120366509,1
nominal_03,nominal,M4,0.9626200590894445,0.03737994091055552,1
nominal_03,nominal,M5,0.9623051396276098,0.037694860372390226,1
nominal_04,nominal,M1,0.9590453655051098,0.04095463449489023,1
nominal_04,nominal,M2,0.9599400510721101,0.04005994892788989,1
nominal_04,nominal,M3,0.9620068547549454,0.037993145245054594,1
nominal_04,nominal,M4,0.9627822606905004,0.037217739309499565,1
nominal_04,nominal,M5,0.9624689836765431,0.0375310163234569,1
nominal_05,nominal,M1,0.9583940876844478,0.04160591231555222,1
nominal_05,nominal,M2,0.959276106132004,0.04072389386799602,1
nominal_05,nominal,M3,0.9613997447268826,0.03860025527311739,1
nominal_05,nominal,M4,0.9621623518803107,0.03783764811968926,1
nominal_05,nominal,M5,0.9618446489817315,0.0381553510182685,1
nominal_06,nominal,M1,0.9599463346873676,0.040053665312632436,1
nominal_06,nominal,M2,0.9608264434848789,0.03917355651512111,1
nominal_06,nominal,M3,0.9628050322518461,0.037194967748153895,1
nominal_06,nominal,M4,0.9635730752664674,0.036426924733532595,1
nominal_06,nominal,M5,0.9632695767566959,0.03673042324330411,1
nominal_07,nominal,M1,0.9586360297737749,0.041363970226225066,1
nominal_07,nominal,M2,0.9596085322102347,0.04039146778976532,1
nominal_07,nominal,M3,0.9617430240335542,0.03825697596644584,1
nominal_07,nominal,M4,0.9625711165462781,0.03742888345372186,1
nominal_07,nominal,M5,0.9622458711006869,0.037754128899313066,1
nominal_08,nominal,M1,0.9579398108456554,0.04206018915434462,1
nominal_08,nominal,M2,0.9588670709048172,0.041132929095182846,1
nominal_08,nominal,M3,0.961052138122489,0.03894786187751098,1
nominal_08,nominal,M4,0.961845264717051,0.03815473528294899,1
nominal_08,nominal,M5,0.9615183220080286,0.03848167799197144,1
nominal_09,nominal,M1,0.9586127318605473,0.041387268139452704,1
nominal_09,nominal,M2,0.9595865845692936,0.04041341543070642,1
nominal_09,nominal,M3,0.9617232372361991,0.038276762763800876,1
nominal_09,nominal,M4,0.962551689803315,0.03744831019668504,1
nominal_09,nominal,M5,0.962226231653497,0.037773768346503034,1
heavy_00,heavy,M1,0.9638220271841644,0.03617797281583557,1
heavy_00,heavy,M2,0.965627659152055,0.03437234084794505,1
heavy_00,heavy,M3,0.9661719606249429,0.03382803937505707,1
heavy_00,heavy,M4,0.967792211452678,0.03220778854732198,1
heavy_00,heavy,M5,0.9675549633242182,0.0324450366757818,1
heavy_01,heavy,M1,0.9633525076555823,0.036647492344417665,1
heavy_01,heavy,M2,0.9651266556371277,0.03487334436287226,1
heavy_01,heavy,M3,0.9657100203666946,0.03428997963330538,1
heavy_01,heavy,M4,0.9673019432097704,0.032698056790229635,1
heavy_01,heavy,M5,0.9670634373557893,0.03293656264421074,1
heavy_02,heavy,M1,0.9616411049231787,0.03835889507682133,1
heavy_02,heavy,M2,0.9636215397036828,0.036378460296317194,1
heavy_02,heavy,M3,0.9642564271523748,0.035743572847625193,1
heavy_02,heavy,M4,0.9660038816280659,0.03399611837193406,1
heavy_02,heavy,M5,0.9657441984341394,0.03425580156586061,1
heavy_03,heavy,M1,0.9640486086766685,0.03595139132333147,1
heavy_03,heavy,M2,0.9658024727142346,0.03419752728576542,1
heavy_03,heavy,M3,0.9663498494991607,0.033650150500839304,1
heavy_03,heavy,M4,0.9679295223182166,0.032070477681783394,1
heavy_03,heavy,M5,0.96769608450364,0.032303915496360025,1
heavy_04,heavy,M1,0.9632950964254368,0.03670490357456324,1
heavy_04,heavy,M2,0.9651657597887819,0.03483424021121806,1
heavy_04,heavy,M3,0.9657228596320754,0.03427714036792462,1
heavy_04,heavy,M4,0.9673923176023208,0.032607682397679194,1
heavy_04,heavy,M5,0.9671487148923972,0.03285128510760282,1
heavy_05,heavy,M1,0.9620948023115728,0.03790519768842715,1
heavy_05,heavy,M2,0.9640262281135177,0.03597377188648232,1
heavy_05,heavy,M3,0.9646435480287685,0.035356451971231495,1
heavy_05,heavy,M4,0.9663542219229634,0.033645778077036614,1
heavy_05,heavy,M5,0.9661001020456359,0.0338998979543641,1
heavy_06,heavy,M1,0.9640786082264793,0.03592139177352072,1
heavy_06,heavy,M2,0.9657572148845638,0.034242785115436214,1
heavy_06,heavy,M3,0.9663252185074774,0.033674781492522565,1
heavy_06,heavy,M4,0.9678421189834238,0.03215788101657624,1
heavy_06,heavy,M5,0.9676129390559534,0.03238706094404664,1
heavy_07,heavy,M1,0.964435208483011,0.03556479151698899,1
heavy_07,heavy,M2,0.9660934241525875,0.03390657584741252,1
heavy_07,heavy,M3,0.9666471684772916,0.033352831522708404,1
heavy_07,heavy,M4,0.968149351719766,0.031850648280233984,1
heavy_07,heavy,M5,0.9679232015310854,0.03207679846891465,1
heavy_08,heavy,M1,0.964802144934172,0.035197855065827954,1
heavy_08,heavy,M2,0.9665351480226809,0.03346485197731908,1
heavy_08,heavy,M3,0.9670405473821719,0.03295945261782807,1
heavy_08,heavy,M4,0.9686059581227742,0.03139404187722583,1
heavy_08,heavy,M5,0.9683784755187457,0.031621524481254326,1
heavy_09,heavy,M1,0.962215581176247,0.03778441882375305,1
heavy_09,heavy,M2,0.9641376115958866,0.03586238840411338,1
heavy_09,heavy,M3,0.9647504569547338,0.035249543045266174,1
heavy_09,heavy,M4,0.9664550354828374,0.0335449645171626,1
heavy_09,heavy,M5,0.9662019856827571,0.03379801431724294,1
handling_00,handling,M1,0.9577090463449296,0.04229095365507041,1
handling_00,handling,M2,0.9546554324759685,0.04534456752403149,1
handling_00,handling,M3,0.9606866104824604,0.0393133895175396,1
handling_00,handling,M4,0.9580368460050201,0.04196315399497985,1
handling_00,handling,M5,0.9576527983295001,0.04234720167049988,1
handling_01,handling,M1,0.957973599106317,0.042026400893683036,1
handling_01,handling,M2,0.954924673487548,0.04507532651245205,1
handling_01,handling,M3,0.9609236870622103,0.03907631293778968,1
handling_01,handling,M4,0.9582736234348221,0.04172637656517786,1
handling_01,handling,M5,0.9578928200456822,0.042107179954317786,1
handling_02,handling,M1,0.9573967540325085,0.04260324596749154,1
handling_02,handling,M2,0.954301714329,0.04569828567099998,1
handling_02,handling,M3,0.960417762810986,0.03958223718901399,1
handling_02,handling,M4,0.957742026350594,0.04225797364940598,1
handling_02,handling,M5,0.9573519671385965,0.042648032861403506,1
handling_03,handling,M1,0.9580454506151715,0.041954549384828455,1
handling_03,handling,M2,0.9553315130424355,0.044668486957564535,1
handling_03,handling,M3,0.9608837506685428,0.03911624933145719,1
handling_03,handling,M4,0.9584900922720538,0.04150990772794616,1
handling_03,handling,M5,0.9581300764579559,0.04186992354204411,1
handling_04,handling,M1,0.956859388383026,0.04314061161697402,1
handling_04,handling,M2,0.9540285166964899,0.045971483303510086,1
handling_04,handling,M3,0.9598493782115566,0.04015062178844342,1
handling_04,handling,M4,0.9573844571158703,0.04261554288412972,1
handling_04,handling,M5,0.9570042260816272,0.04299577391837284,1
handling_05,handling,M1,0.956876438101144,0.04312356189885602,1
handling_05,handling,M2,0.9538119768747185,0.046188023125281474,1
handling_05,handling,M3,0.9599386972794118,0.040061302720588166,1
handling_05,handling,M4,0.9572986439468449,0.04270135605315506,1
handling_05,handling,M5,0.9569044274257006,0.04309557257429941,1
handling_06,handling,M1,0.9584983956194602,0.04150160438053985,1
handling_06,handling,M2,0.9556725017511666,0.04432749824883342,1
handling_06,handling,M3,0.9613309486458037,0.03866905135419629,1
handling_06,handling,M4,0.9588391143107557,0.04116088568924425,1
handling_06,handling,M5,0.9584774422075534,0.041522557792446624,1
handling_07,handling,M1,0.9596270917145641,0.04037290828543594,1
handling_07,handling,M2,0.9570379493198957,0.04296205068010428,1
handling_07,handling,M3,0.9622815496653041,0.0377184503346959,1
handling_07,handling,M4,0.9599592361072626,0.04004076389273736,1
handling_07,handling,M5,0.9596235841668868,0.040376415833113244,1
handling_08,handling,M1,0.9572323535253424,0.042767646474657584,1
handling_08,handling,M2,0.9540792243567612,0.04592077564323882,1
handling_08,handling,M3,0.960288083459241,0.03971191654075901,1
handling_08,handling,M4,0.9575696348893563,0.042430365110643686,1
handling_08,handling,M5,0.9571742416383172,0.042825758361682786,1
handling_09,handling,M1,0.9570606047990199,0.04293939520098011,1
handling_09,handling,M2,0.9540399795875477,0.045960020412452285,1
handling_09,handling,M3,0.9600916110912231,0.039908388908776904,1
handling_09,handling,M4,0.9574785454712912,0.04252145452870881,1
handling_09,handling,M5,0.9570891244451549,0.042910875554845074,1
nominal_00,nominal,M1,0.9580476324757945,0.0419523675242055,2
nominal_00,nominal,M2,0.9594964282166356,0.04050357178336439,2
nominal_00,nominal,M3,0.9613222855179225,0.03867771448207746,2
nominal_00,nominal,M4,0.9625230033619411,0.037476996638058924,2
nominal_00,nominal,M5,0.9621924796761641,0.03780752032383594,2
nominal_01,nominal,M1,0.9603267965761064,0.03967320342389358,2
nominal_01,nominal,M2,0.9614975412822577,0.03850245871774227,2
nominal_01,nominal,M3,0.9631078834398742,0.03689211656012581,2
nominal_01,nominal,M4,0.9641314148083424,0.03586858519165759,2
nominal_01,nominal,M5,0.9638400529168243,0.036159947083175714,2
nominal_02,nominal,M1,0.9585856889037119,0.041414311096288126,2
nominal_02,nominal,M2,0.9599309218855642,0.04006907811443583,2
nominal_02,nominal,M3,0.9617031768397266,0.038296823160273386,2
nominal_02,nominal,M4,0.9628402485356742,0.03715975146432582,2
nominal_02,nominal,M5,0.9625211271897575,0.037478872810242536,2
nominal_03,nominal,M1,0.9583659567053119,0.04163404329468812,2
nominal_03,nominal,M2,0.9596283164265257,0.040371683573474315,2
nominal_03,nominal,M3,0.9614194239457988,0.03858057605420118,2
nominal_03,nominal,M4,0.9624982018763858,0.037501798123614205,2
nominal_03,nominal,M5,0.962182844595497,0.03781715540450303,2
nominal_04,nominal,M1,0.9603524953843241,0.0396475046156759,2
nominal_04,nominal,M2,0.961530043612857,0.03846995638714301,2
nominal_04,nominal,M3,0.9631376863588876,0.036862313641112365,2
nominal_04,nominal,M4,0.9641657987832104,0.035834201216789596,2
nominal_04,nominal,M5,0.9638742817462508,0.03612571825374922,2
nominal_05,nominal,M1,0.9567617726216758,0.04323822737832417,2
nominal_05,nominal,M2,0.958210635532026,0.04178936446797399,2
nominal_05,nominal,M3,0.9601666438680332,0.03983335613196681,2
nominal_05,nominal,M4,0.9613594504785901,0.03864054952140994,2
nominal_05,nominal,M5,0.9610166228159599,0.0389833771840401,2
nominal_06,nominal,M1,0.9579052536797197,0.04209474632028032,2
nominal_06,nominal,M2,0.9592000939364497,0.04079990606355033,2
nominal_06,nominal,M3,0.9610369697873642,0.03896303021263581,2
nominal_06,nominal,M4,0.9621361751954502,0.03786382480454975,2
nominal_06,nominal,M5,0.9618141483720055,0.03818585162799448,2
nominal_07,nominal,M1,0.9578171726027297,0.042182827397270306,2
nominal_07,nominal,M2,0.9590463344593394,0.0409536655406606,2
nominal_07,nominal,M3,0.9608903569877816,0.03910964301221842,2
nominal_07,nominal,M4,0.9619417856024021,0.038058214397597934,2
nominal_07,nominal,M5,0.9616238043755015,0.038376195624498455,2
nominal_08,nominal,M1,0.9587666846597973,0.04123331534020269,2
nominal_08,nominal,M2,0.9600677294891671,0.03993227051083292,2
nominal_08,nominal,M3,0.96182156609479,0.03817843390521003,2
nominal_08,nominal,M4,0.9629293370559555,0.037070662944044486,2
nominal_08,nominal,M5,0.962614939064541,0.037385060935459014,2
nominal_09,nominal,M1,0.9578244127371387,0.0421755872628613,2
nominal_09,nominal,M2,0.9592363000998715,0.040763699900128514,2
nominal_09,nominal,M3,0.961083263501925,0.03891673649807503,2
nominal_09,nominal,M4,0.9622591468511515,0.03774085314884845,2
nominal_09,nominal,M5,0.9619288211502731,0.03807117884972688,2
heavy_00,heavy,M1,0.9633005961039386,0.03669940389606141,2
heavy_00,heavy,M2,0.9652872182005319,0.03471278179946813,2
heavy_00,heavy,M3,0.9657182941679736,0.03428170583202639,2
heavy_00,heavy,M4,0.9674873966525247,0.0325126033474753,2
heavy_00,heavy,M5,0.9672465125983118,0.03275348740168815,2
heavy_01,heavy,M1,0.9640423800360971,0.0359576199639029,2
heavy_01,heavy,M2,0.9659422759262627,0.034057724073737305,2
heavy_01,heavy,M3,0.9663570262550246,0.03364297374497538,2
heavy_01,heavy,M4,0.9680606865819555,0.03193931341804446,2
heavy_01,heavy,M5,0.967828231863713,0.03217176813628697,2
heavy_02,heavy,M1,0.9620635663527084,0.0379364336472916,2
heavy_02,heavy,M2,0.9641859622385098,0.03581403776149017,2
heavy_02,heavy,M3,0.9646522449898093,0.03534775501019072,2
heavy_02,heavy,M4,0.9665205168016957,0.033479483198304294,2
heavy_02,heavy,M5,0.966265863101002,0.03373413689899796,2
heavy_03,heavy,M1,0.9631867025278289,0.0368132974721711,2
heavy_03,heavy,M2,0.9650517065006218,0.034948293499378225,2
heavy_03,heavy,M3,0.9655353885051523,0.0344646114948477,2
heavy_03,heavy,M4,0.967206094270959,0.03279390572904095,2
heavy_03,heavy,M5,0.9669697000601088,0.03303029993989115,2
heavy_04,heavy,M1,0.9640949534107531,0.03590504658924687,2
heavy_04,heavy,M2,0.9659773180848282,0.03402268191517177,2
heavy_04,heavy,M3,0.9663962644712756,0.03360373552872442,2
heavy_04,heavy,M4,0.968086410423115,0.03191358957688495,2
heavy_04,heavy,M5,0.9678548936055432,0.03214510639445678,2
heavy_05,heavy,M1,0.9631150249383678,0.03688497506163224,2
heavy_05,heavy,M2,0.9651519505650835,0.034848049434916484,2
heavy_05,heavy,M3,0.9655776942806259,0.0344223057193741,2
heavy_05,heavy,M4,0.9673855419309247,0.03261445806907526,2
heavy_05,heavy,M5,0.9671412823578663,0.03285871764213366,2
heavy_06,heavy,M1,0.9630602283298614,0.03693977167013862,2
heavy_06,heavy,M2,0.9649731180402868,0.03502688195971315,2
heavy_06,heavy,M3,0.9654487477676852,0.03455125223231481,2
heavy_06,heavy,M4,0.9671585661666405,0.03284143383335947,2
heavy_06,heavy,M5,0.9669189966444307,0.033081003355569294,2
heavy_07,heavy,M1,0.9622749159142363,0.037725084085763694,2
heavy_07,heavy,M2,0.9642612073988018,0.035738792601198166,2
heavy_07,heavy,M3,0.9647617736486822,0.03523822635131779,2
heavy_07,heavy,M4,0.9665250712059659,0.03347492879403413,2
heavy_07,heavy,M5,0.966277424571267,0.033722575428733026,2
heavy_08,heavy,M1,0.9633891603428666,0.03661083965713341,2
heavy_08,heavy,M2,0.9653329536984938,0.03466704630150619,2
heavy_08,heavy,M3,0.9657740257429641,0.034225974257035885,2
heavy_08,heavy,M4,0.9675096760948448,0.03249032390515516,2
heavy_08,heavy,M5,0.9672711425528842,0.032728857447115844,2
heavy_09,heavy,M1,0.9635667980214211,0.03643320197857891,2
heavy_09,heavy,M2,0.9654922255020972,0.034507774497902766,2
heavy_09,heavy,M3,0.9659274344609033,0.034072565539096655,2
heavy_09,heavy,M4,0.9676488780428808,0.0323511219571192,2
heavy_09,heavy,M5,0.9674124253946763,0.03258757460532369,2
handling_00,handling,M1,0.9552963841455264,0.04470361585447358,2
handling_00,handling,M2,0.9512371456804454,0.04876285431955463,2
handling_00,handling,M3,0.9586012580327462,0.041398741967253794,2
handling_00,handling,M4,0.9552210782091659,0.04477892179083409,2
handling_00,handling,M5,0.9547740592531166,0.04522594074688335,2
handling_01,handling,M1,0.9573210266116193,0.04267897338838067,2
handling_01,handling,M2,0.9541983396616376,0.045801660338362415,2
handling_01,handling,M3,0.9601892627674018,0.0398107372325982,2
handling_01,handling,M4,0.957448200294492,0.04255179970550804,2
handling_01,handling,M5,0.9570768358965636,0.04292316410343644,2
handling_02,handling,M1,0.9557233654569975,0.04427663454300246,2
handling_02,handling,M2,0.951480330043778,0.048519669956222033,2
handling_02,handling,M3,0.959020695620656,0.04097930437934405,2
handling_02,handling,M4,0.9555072797705336,0.044492720229466376,2
handling_02,handling,M5,0.9550555831483766,0.044944416851623425,2
handling_03,handling,M1,0.9576038551731463,0.04239614482685372,2
handling_03,handling,M2,0.9541472775580924,0.045852722441907634,2
handling_03,handling,M3,0.960529466991065,0.039470533008934994,2
handling_03,handling,M4,0.9575205114119648,0.042479488588035186,2
handling_03,handling,M5,0.9571347145426279,0.042865285457372115,2
handling_04,handling,M1,0.9587339835182132,0.04126601648178685,2
handling_04,handling,M2,0.9555402073837309,0.04445979261626909,2
handling_04,handling,M3,0.9614862305273296,0.03851376947267038,2
handling_04,handling,M4,0.9586558300418382,0.041344169958161814,2
handling_04,handling,M5,0.9582970386110689,0.04170296138893115,2
handling_05,handling,M1,0.9574369776092476,0.04256302239075238,2
handling_05,handling,M2,0.9537793270946092,0.04622067290539078,2
handling_05,handling,M3,0.9604272304090515,0.039572769590948464,2
handling_05,handling,M4,0.9572705956285428,0.042729404371457225,2
handling_05,handling,M5,0.9568720490496769,0.04312795095032307,2
handling_06,handling,M1,0.9595967856595579,0.04040321434044214,2
handling_06,handling,M2,0.9565929652373185,0.043407034762681485,2
handling_06,handling,M3,0.9622225967690179,0.03777740323098211,2
handling_06,handling,M4,0.9595246622536545,0.040475337746345486,2
handling_06,handling,M5,0.9591854296919359,0.040814570308064124,2
handling_07,handling,M1,0.9590229242435475,0.040977075756452486,2
handling_07,handling,M2,0.9559070831392528,0.04409291686074723,2
handling_07,handling,M3,0.9617297062285572,0.038270293771442754,2
handling_07,handling,M4,0.958951931156592,0.04104806884340795,2
handling_07,handling,M5,0.9586005698708063,0.04139943012919367,2
handling_08,handling,M1,0.956027689188916,0.04397231081108399,2
handling_08,handling,M2,0.9522185825417044,0.04778141745829556,2
handling_08,handling,M3,0.9591976215803772,0.04080237841962275,2
handling_08,handling,M4,0.9559691984212206,0.044030801578779366,2
handling_08,handling,M5,0.9555451776611862,0.044454822338813815,2
handling_09,handling,M1,0.9568093034792948,0.043190696520705174,2
handling_09,handling,M2,0.9529834061979267,0.04701659380207335,2
handling_09,handling,M3,0.9599002368756665,0.0400997631243335,2
handling_09,handling,M4,0.9566445721603029,0.04335542783969715,2
handling_09,handling,M5,0.9562291661425996,0.04377083385740044,2
nominal_00,nominal,M1,0.9568212877704033,0.04317871222959668,3
nominal_00,nominal,M2,0.9580786887068101,0.04192131129318988,3
nominal_00,nominal,M3,0.960238065023218,0.03976193497678204,3
nominal_00,nominal,M4,0.9612764226809379,0.038723577319062064,3
nominal_00,nominal,M5,0.9609284498258315,0.03907155017416852,3
nominal_01,nominal,M1,0.9584442996271533,0.04155570037284673,3
nominal_01,nominal,M2,0.9595954062632223,0.04040459373677774,3
nominal_01,nominal,M3,0.9615742747131873,0.03842572528681265,3
nominal_01,nominal,M4,0.9625527323071464,0.03744726769285356,3
nominal_01,nominal,M5,0.9622283804428622,0.037771619557137814,3
nominal_02,nominal,M1,0.959329478456158,0.040670521543841986,3
nominal_02,nominal,M2,0.960362162109137,0.03963783789086295,3
nominal_02,nominal,M3,0.962235880123629,0.03776411987637096,3
nominal_02,nominal,M4,0.963134845227763,0.03686515477223695,3
nominal_02,nominal,M5,0.9628289822534113,0.03717101774658871,3
nominal_03,nominal,M1,0.9571180290627795,0.04288197093722046,3
nominal_03,nominal,M2,0.9582822481271993,0.04171775187280069,3
nominal_03,nominal,M3,0.9603948195370776,0.039605180462922385,3
nominal_03,nominal,M4,0.9613743729358467,0.03862562706415329,3
nominal_03,nominal,M5,0.9610365200826037,0.03896347991739635,3
nominal_04,nominal,M1,0.9580730655993186,0.041926934400681404,3
nominal_04,nominal,M2,0.9592635876480514,0.04073641235194858,3
nominal_04,nominal,M3,0.961285260499166,0.03871473950083404,3
nominal_04,nominal,M4,0.9622880622462474,0.03771193775375259,3
nominal_04,nominal,M5,0.9619570961820626,0.0380429038179374,3
nominal_05,nominal,M1,0.9583942957652348,0.04160570423476517,3
nominal_05,nominal,M2,0.9595009376699257,0.040499062330074276,3
nominal_05,nominal,M3,0.9614773584045534,0.038522641595446605,3
nominal_05,nominal,M4,0.9624262216897245,0.03757377831027553,3
nominal_05,nominal,M5,0.9621048725481225,0.03789512745187751,3
nominal_06,nominal,M1,0.959008296267379,0.040991703732620954,3
nominal_06,nominal,M2,0.9600397101094043,0.039960289890595746,3
nominal_06,nominal,M3,0.9619432744561007,0.03805672554389927,3
nominal_06,nominal,M4,0.9628401391881524,0.037159860811847634,3
nominal_06,nominal,M5,0.9625314151783014,0.03746858482169857,3
nominal_07,nominal,M1,0.9586946087192494,0.041305391280750614,3
nominal_07,nominal,M2,0.9598230275333384,0.04017697246666163,3
nominal_07,nominal,M3,0.961774622344154,0.03822537765584599,3
nominal_07,nominal,M4,0.9627394894419672,0.03726051055803281,3
nominal_07,nominal,M5,0.9624191548841148,0.03758084511588522,3
nominal_08,nominal,M1,0.9594001783299635,0.04059982167003651,3
nominal_08,nominal,M2,0.9603945764833101,0.03960542351668994,3
nominal_08,nominal,M3,0.9622560229293191,0.03774397707068089,3
nominal_08,nominal,M4,0.9631284277563787,0.03687157224362125,3
nominal_08,nominal,M5,0.9628263933668948,0.037173606633105205,3
nominal_09,nominal,M1,0.9581840917947645,0.04181590820523551,3
nominal_09,nominal,M2,0.9593817451760762,0.04061825482392378,3
nominal_09,nominal,M3,0.9613940357110737,0.038605964288926264,3
nominal_09,nominal,M4,0.962402219979487,0.03759778002051295,3
nominal_09,nominal,M5,0.9620716866118824,0.03792831338811764,3
heavy_00,heavy,M1,0.962862921190187,0.037137078809812984,3
heavy_00,heavy,M2,0.9649367571387508,0.03506324286124918,3
heavy_00,heavy,M3,0.9652993488715397,0.034700651128460325,3
heavy_00,heavy,M4,0.9671365130388831,0.03286348696111685,3
heavy_00,heavy,M5,0.9668959516582455,0.03310404834175451,3
heavy_01,heavy,M1,0.9632130410960743,0.03678695890392569,3
heavy_01,heavy,M2,0.9653989503967222,0.03460104960327781,3
heavy_01,heavy,M3,0.9656956793832324,0.03430432061676758,3
heavy_01,heavy,M4,0.9676222349736511,0.032377765026348926,3
heavy_01,heavy,M5,0.9673795541814215,0.03262044581857848,3
heavy_02,heavy,M1,0.964604217874922,0.03539578212507799,3
heavy_02,heavy,M2,0.9665492267093837,0.0334507732906163,3
heavy_02,heavy,M3,0.966850257931432,0.03314974206856802,3
heavy_02,heavy,M4,0.9685935880143659,0.0314064119856341,3
heavy_02,heavy,M5,0.968369213351221,0.03163078664877905,3
heavy_03,heavy,M1,0.9633813020081795,0.03661869799182049,3
heavy_03,heavy,M2,0.9655111354735187,0.034488864526481255,3
heavy_03,heavy,M3,0.9658169401094227,0.03418305989057735,3
heavy_03,heavy,M4,0.9677005070252686,0.03229949297473145,3
heavy_03,heavy,M5,0.9674612366884926,0.0325387633115074,3
heavy_04,heavy,M1,0.9637354004233275,0.036264599576672496,3
heavy_04,heavy,M2,0.9657947508743253,0.034205249125674686,3
heavy_04,heavy,M3,0.9661057092893528,0.0338942907106472,3
heavy_04,heavy,M4,0.9679361999614884,0.032063800038511614,3
heavy_04,heavy,M5,0.9677018013841533,0.03229819861584671,3
heavy_05,heavy,M1,0.9619632757268083,0.03803672427319171,3
heavy_05,heavy,M2,0.9642056206878674,0.035794379312132585,3
heavy_05,heavy,M3,0.9645654256869183,0.035434574313081724,3
heavy_05,heavy,M4,0.9665289945358114,0.033471005464188575,3
heavy_05,heavy,M5,0.966275881127916,0.03372411887208404,3
heavy_06,heavy,M1,0.9640715727291297,0.03592842727087031,3
heavy_06,heavy,M2,0.9661290774968248,0.03387092250317525,3
heavy_06,heavy,M3,0.9664180665666027,0.033581933433397326,3
heavy_06,heavy,M4,0.9682482531567387,0.03175174684326132,3
heavy_06,heavy,M5,0.9680162304463273,0.03198376955367266,3
heavy_07,heavy,M1,0.9629667269674487,0.03703327303255133,3
heavy_07,heavy,M2,0.9649928503192032,0.03500714968079677,3
heavy_07,heavy,M3,0.9653672056953236,0.03463279430467636,3
heavy_07,heavy,M4,0.9671668106318214,0.032833189368178584,3
heavy_07,heavy,M5,0.9669288500642358,0.03307114993576421,3
heavy_08,heavy,M1,0.964754656900672,0.03524534309932803,3
heavy_08,heavy,M2,0.9665938765624532,0.033406123437546786,3
heavy_08,heavy,M3,0.9669296745262437,0.033070325473756323,3
heavy_08,heavy,M4,0.9685873818200793,0.03141261817992069,3
heavy_08,heavy,M5,0.9683681600141989,0.0316318399858011,3
heavy_09,heavy,M1,0.9622582512647108,0.03774174873528924,3
heavy_09,heavy,M2,0.9643191770794768,0.035680822920523214,3
heavy_09,heavy,M3,0.9647283307591964,0.035271669240803605,3
heavy_09,heavy,M4,0.9665515647689132,0.03344843523108676,3
heavy_09,heavy,M5,0.9663075115599324,0.03369248844006756,3
handling_00,handling,M1,0.9564525954169644,0.04354740458303563,3
handling_00,handling,M2,0.9530070162649588,0.04699298373504124,3
handling_00,handling,M3,0.9595044966700664,0.04049550332993357,3
handling_00,handling,M4,0.9565425228985703,0.043457477101429665,3
handling_00,handling,M5,0.9561415245932019,0.0438584754067981,3
handling_01,handling,M1,0.9589292333358075,0.041070766664192515,3
handling_01,handling,M2,0.95592154701283,0.04407845298716995,3
handling_01,handling,M3,0.9616284707975646,0.03837152920243536,3
handling_01,handling,M4,0.9589509926371913,0.0410490073628087,3
handling_01,handling,M5,0.9586023192961584,0.041397680703841644,3
handling_02,handling,M1,0.9577174923238883,0.04228250767611175,3
handling_02,handling,M2,0.9541853028892973,0.04581469711070274,3
handling_02,handling,M3,0.9606636562395775,0.0393363437604225,3
handling_02,handling,M4,0.9576075352655421,0.0423924647344579,3
handling_02,handling,M5,0.9572169086293351,0.04278309137066494,3
handling_03,handling,M1,0.9573097375650884,0.042690262434911586,3
handling_03,handling,M2,0.9537791919469125,0.04622080805308748,3
handling_03,handling,M3,0.9602970238448796,0.03970297615512042,3
handling_03,handling,M4,0.9572479612175249,0.04275203878247513,3
handling_03,handling,M5,0.9568526907450879,0.04314730925491206,3
handling_04,handling,M1,0.9582100435518828,0.04178995644811723,3
handling_04,handling,M2,0.9547528145006703,0.04524718549932971,3
handling_04,handling,M3,0.961090935500687,0.03890906449931297,3
handling_04,handling,M4,0.958076349074776,0.04192365092522399,3
handling_04,handling,M5,0.9576955988249817,0.042304401175018325,3
handling_05,handling,M1,0.9570532487890446,0.04294675121095537,3
handling_05,handling,M2,0.953331927022637,0.04666807297736297,3
handling_05,handling,M3,0.9601117320408799,0.03988826795912015,3
handling_05,handling,M4,0.9569298355695881,0.043070164430411895,3
handling_05,handling,M5,0.9565210740514251,0.04347892594857494,3
handling_06,handling,M1,0.9570463803662036,0.0429536196337964,3
handling_06,handling,M2,0.95379909066293,0.046200909337069995,3
handling_06,handling,M3,0.9599880059928729,0.04001199400712707,3
handling_06,handling,M4,0.9571607361031111,0.04283926389688886,3
handling_06,handling,M5,0.9567777152096155,0.04322228479038448,3
handling_07,handling,M1,0.956570620463749,0.043429379536251034,3
handling_07,handling,M2,0.9526424221785863,0.0473575778214137,3
handling_07,handling,M3,0.9597256445518509,0.04027435544814906,3
handling_07,handling,M4,0.9564122342981815,0.04358776570181855,3
handling_07,handling,M5,0.9559862029140543,0.04401379708594566,3
handling_08,handling,M1,0.9579100316743885,0.042089968325611515,3
handling_08,handling,M2,0.9543773607173804,0.04562263928261956,3
handling_08,handling,M3,0.9608388183198525,0.03916118168014748,3
handling_08,handling,M4,0.9577727582235434,0.04222724177645665,3
handling_08,handling,M5,0.9573844817327655,0.04261551826723453,3
handling_09,handling,M1,0.9571746038879062,0.042825396112093794,3
handling_09,handling,M2,0.9537824470153664,0.04621755298463359,3
handling_09,handling,M3,0.9601411400694498,0.03985885993055016,3
handling_09,handling,M4,0.9571986266257508,0.04280137337424916,3
handling_09,handling,M5,0.9568092942717561,0.043190705728243906,3
nominal_00,nominal,M1,0.9592185410584415,0.04078145894155849,4
nominal_00,nominal,M2,0.9607370443365564,0.03926295566344362,4
nominal_00,nominal,M3,0.9622995220723032,0.03770047792769682,4
nominal_00,nominal,M4,0.9635640939302184,0.03643590606978164,4
nominal_00,nominal,M5,0.9632538831355636,0.03674611686443641,4
nominal_01,nominal,M1,0.9586954319881399,0.04130456801186011,4
nominal_01,nominal,M2,0.9602164698367331,0.039783530163266856,4
nominal_01,nominal,M3,0.9618280108929639,0.03817198910703612,4
nominal_01,nominal,M4,0.9630916820674862,0.03690831793251381,4
nominal_01,nominal,M5,0.9627765360569499,0.037223463943050095,4
nominal_02,nominal,M1,0.958435118307771,0.04156488169222905,4
nominal_02,nominal,M2,0.9599413478799077,0.0400586521200923,4
nominal_02,nominal,M3,0.9615788524673472,0.0384211475326528,4
nominal_02,nominal,M4,0.9628310957136398,0.037168904286360216,4
nominal_02,nominal,M5,0.9625144242226951,0.037485575777304936,4
nominal_03,nominal,M1,0.9574551715933057,0.04254482840669427,4
nominal_03,nominal,M2,0.9590984897355618,0.04090151026443822,4
nominal_03,nominal,M3,0.9608233277816856,0.039176672218314446,4
nominal_03,nominal,M4,0.9621579191453903,0.037842080854609716,4
nominal_03,nominal,M5,0.9618245089586308,0.03817549104136919,4
nominal_04,nominal,M1,0.9600418576187951,0.039958142381204875,4
nominal_04,nominal,M2,0.9612835536661312,0.03871644633386884,4
nominal_04,nominal,M3,0.962794198158561,0.03720580184143896,4
nominal_04,nominal,M4,0.9638720242433013,0.03612797575669868,4
nominal_04,nominal,M5,0.9635856485950021,0.036414351404997936,4
nominal_05,nominal,M1,0.9593107333620922,0.04068926663790784,4
nominal_05,nominal,M2,0.960757531067776,0.03924246893222405,4
nominal_05,nominal,M3,0.9623180727323553,0.037681927267644744,4
nominal_05,nominal,M4,0.9635370324592955,0.03646296754070455,4
nominal_05,nominal,M5,0.9632313934143858,0.036768606585614205,4
nominal_06,nominal,M1,0.9577752695229509,0.04222473047704911,4
nominal_06,nominal,M2,0.9591806214988301,0.0408193785011699,4
nominal_06,nominal,M3,0.9608917934241675,0.03910820657583247,4
nominal_06,nominal,M4,0.9620724017005521,0.03792759829944792,4
nominal_06,nominal,M5,0.9617552364124436,0.03824476358755635,4
nominal_07,nominal,M1,0.957941052316773,0.042058947683227044,4
nominal_07,nominal,M2,0.9593920803148965,0.040607919685103466,4
nominal_07,nominal,M3,0.961082739586797,0.03891726041320298,4
nominal_07,nominal,M4,0.9622954303615291,0.03770456963847091,4
nominal_07,nominal,M5,0.9619772010098189,0.03802279899018113,4
nominal_08,nominal,M1,0.9592404073709041,0.0407595926290959,4
nominal_08,nominal,M2,0.9605059312567775,0.03949406874322248,4
nominal_08,nominal,M3,0.9620872263257262,0.037912773674273814,4
nominal_08,nominal,M4,0.9631775220144618,0.03682247798553817,4
nominal_08,nominal,M5,0.9628826357125454,0.0371173642874546,4
nominal_09,nominal,M1,0.9591327596474016,0.040867240352598366,4
nominal_09,nominal,M2,0.9605488338535769,0.03945116614642308,4
nominal_09,nominal,M3,0.9621280314508267,0.037871968549173296,4
nominal_09,nominal,M4,0.9633250887821949,0.036674911217805084,4
nominal_09,nominal,M5,0.9630196933036095,0.03698030669639052,4
heavy_00,heavy,M1,0.9641280980438189,0.03587190195618106,4
heavy_00,heavy,M2,0.9659761997948455,0.0340238002051545,4
heavy_00,heavy,M3,0.9663823220923181,0.03361767790768189,4
heavy_00,heavy,M4,0.9680493075416615,0.03195069245833848,4
heavy_00,heavy,M5,0.967821660787885,0.03217833921211499,4
heavy_01,heavy,M1,0.9625310666918873,0.03746893330811274,4
heavy_01,heavy,M2,0.9644804867463445,0.035519513253655544,4
heavy_01,heavy,M3,0.9649513968145341,0.035048603185465876,4
heavy_01,heavy,M4,0.9666913903509795,0.03330860964902049,4
heavy_01,heavy,M5,0.966449391199904,0.03355060880009597,4
heavy_02,heavy,M1,0.9644138288280464,0.03558617117195362,4
heavy_02,heavy,M2,0.9663659138564913,0.03363408614350871,4
heavy_02,heavy,M3,0.9667135852761777,0.03328641472382232,4
heavy_02,heavy,M4,0.9684662777294019,0.03153372227059814,4
heavy_02,heavy,M5,0.9682360616815112,0.03176393831848878,4
heavy_03,heavy,M1,0.9638277256202477,0.036172274379752345,4
heavy_03,heavy,M2,0.9658246432718154,0.034175356728184614,4
heavy_03,heavy,M3,0.9661927105550412,0.03380728944495881,4
heavy_03,heavy,M4,0.9679785281076337,0.03202147189236626,4
heavy_03,heavy,M5,0.9677427440366813,0.03225725596331874,4
heavy_04,heavy,M1,0.9621716303980978,0.03782836960190217,4
heavy_04,heavy,M2,0.9643744477036781,0.035625552296321916,4
heavy_04,heavy,M3,0.9647775280741551,0.035222471925844934,4
heavy_04,heavy,M4,0.9667151713546611,0.03328482864533888,4
heavy_04,heavy,M5,0.9664603024337534,0.03353969756624664,4
heavy_05,heavy,M1,0.962620349513076,0.03737965048692404,4
heavy_05,heavy,M2,0.964761256066431,0.03523874393356896,4
heavy_05,heavy,M3,0.9651570973420056,0.03484290265799439,4
heavy_05,heavy,M4,0.9670503496887022,0.03294965031129782,4
heavy_05,heavy,M5,0.966800702907053,0.033199297092947,4
heavy_06,heavy,M1,0.9637040572067863,0.03629594279321369,4
heavy_06,heavy,M2,0.9655955591379666,0.034404440862033425,4
heavy_06,heavy,M3,0.9660126493967818,0.033987350603218225,4
heavy_06,heavy,M4,0.9677133347957292,0.032286665204270815,4
heavy_06,heavy,M5,0.9674810456181758,0.03251895438182417,4
heavy_07,heavy,M1,0.965151490138734,0.034848509861265975,4
heavy_07,heavy,M2,0.9669505483893067,0.03304945161069328,4
heavy_07,heavy,M3,0.967312603922946,0.032687396077053954,4
heavy_07,heavy,M4,0.9689441921951005,0.03105580780489947,4
heavy_07,heavy,M5,0.9687249186271849,0.031275081372815094,4
heavy_08,heavy,M1,0.9641285132829244,0.03587148671707563,4
heavy_08,heavy,M2,0.9659760411542386,0.03402395884576137,4
heavy_08,heavy,M3,0.9663819524618331,0.033618047538166884,4
heavy_08,heavy,M4,0.9680483048928059,0.03195169510719409,4
heavy_08,heavy,M5,0.9678207477022974,0.032179252297702576,4
heavy_09,heavy,M1,0.9618556156833651,0.038144384316634916,4
heavy_09,heavy,M2,0.9639743584762279,0.03602564152377208,4
heavy_09,heavy,M3,0.9644300017126453,0.03556999828735474,4
heavy_09,heavy,M4,0.9663019818432966,0.03369801815670337,4
heavy_09,heavy,M5,0.9660481623765388,0.03395183762346121,4
handling_00,handling,M1,0.9570474934758147,0.04295250652418525,4
handling_00,handling,M2,0.9533388850130933,0.04666111498690673,4
handling_00,handling,M3,0.9600374502005542,0.0399625497994458,4
handling_00,handling,M4,0.9568363498610272,0.04316365013897283,4
handling_00,handling,M5,0.956436775751949,0.043563224248051036,4
handling_01,handling,M1,0.9568929969033197,0.04310700309668025,4
handling_01,handling,M2,0.9531021942193426,0.04689780578065739,4
handling_01,handling,M3,0.9599165258908573,0.0400834741091427,4
handling_01,handling,M4,0.9566604720133881,0.04333952798661189,4
handling_01,handling,M5,0.9562546265431167,0.04374537345688334,4
handling_02,handling,M1,0.957840270627155,0.042159729372844956,4
handling_02,handling,M2,0.954394361731274,0.04560563826872599,4
handling_02,handling,M3,0.9606910801794075,0.03930891982059248,4
handling_02,handling,M4,0.9576731903487459,0.04232680965125413,4
handling_02,handling,M5,0.9572966969892133,0.04270330301078673,4
handling_03,handling,M1,0.9571094518468449,0.04289054815315507,4
handling_03,handling,M2,0.9532291014239808,0.04677089857601924,4
handling_03,handling,M3,0.9601294421265189,0.03987055787348115,4
handling_03,handling,M4,0.9568064163447015,0.04319358365529846,4
handling_03,handling,M5,0.9563983777053068,0.04360162229469322,4
handling_04,handling,M1,0.9563954929455496,0.0436045070544504,4
handling_04,handling,M2,0.9522229483490386,0.047777051650961355,4
handling_04,handling,M3,0.9595511316875125,0.04044886831248751,4
handling_04,handling,M4,0.9560384334291276,0.04396156657087236,4
handling_04,handling,M5,0.9556061139723727,0.04439388602762728,4
handling_05,handling,M1,0.9565469536923127,0.043453046307687315,4
handling_05,handling,M2,0.9523914464508252,0.047608553549174815,4
handling_05,handling,M3,0.9596831688798851,0.04031683112011486,4
handling_05,handling,M4,0.9561778344426102,0.043822165557389825,4
handling_05,handling,M5,0.9557483234286408,0.0442516765713592,4
handling_06,handling,M1,0.9579003582026462,0.042099641797353815,4
handling_06,handling,M2,0.9544841599810058,0.045515840018994225,4
handling_06,handling,M3,0.9607378536120289,0.0392621463879711,4
handling_06,handling,M4,0.9577442666683977,0.04225573333160226,4
handling_06,handling,M5,0.9573699214208762,0.04263007857912382,4
handling_07,handling,M1,0.9575137549473677,0.04248624505263232,4
handling_07,handling,M2,0.953902735630304,0.04609726436969597,4
handling_07,handling,M3,0.9604345836181634,0.03956541638183664,4
handling_07,handling,M4,0.9572976571024174,0.04270234289758257,4
handling_07,handling,M5,0.9569087275193164,0.04309127248068356,4
handling_08,handling,M1,0.9573414022663036,0.0426585977336964,4
handling_08,handling,M2,0.9535141362308825,0.04648586376911745,4
handling_08,handling,M3,0.9603271381420924,0.03967286185790764,4
handling_08,handling,M4,0.9570338471303604,0.04296615286963956,4
handling_08,handling,M5,0.956631504776742,0.04336849522325803,4
handling_09,handling,M1,0.9561056878006666,0.043894312199333374,4
handling_09,handling,M2,0.9523424499982541,0.047657550001745874,4
handling_09,handling,M3,0.959203460300404,0.04079653969959596,4
handling_09,handling,M4,0.9559922914983994,0.04400770850160063,4
handling_09,handling,M5,0.9555780709393098,0.0444219290606902,4
nominal_00,nominal,M1,0.9595282713169171,0.04047172868308291,5
nominal_00,nominal,M2,0.9609754896951567,0.03902451030484333,5
nominal_00,nominal,M3,0.9624526408617498,0.03754735913825025,5
nominal_00,nominal,M4,0.963689286761001,0.03631071323899904,5
nominal_00,nominal,M5,0.9633904771213065,0.03660952287869346,5
nominal_01,nominal,M1,0.9586494051346586,0.04135059486534143,5
nominal_01,nominal,M2,0.9602021835255249,0.03979781647447511,5
nominal_01,nominal,M3,0.9617494038254477,0.03825059617455229,5
nominal_01,nominal,M4,0.963053475729165,0.036946524270835,5
nominal_01,nominal,M5,0.9627408492874986,0.03725915071250141,5
nominal_02,nominal,M1,0.9576517971507054,0.042348202849294636,5
nominal_02,nominal,M2,0.9593142225979273,0.04068577740207269,5
nominal_02,nominal,M3,0.9609471879414847,0.039052812058515296,5
nominal_02,nominal,M4,0.9623178145204867,0.0376821854795133,5
nominal_02,nominal,M5,0.9619900240515945,0.038009975948405494,5
nominal_03,nominal,M1,0.9567943973596444,0.043205602640355556,5
nominal_03,nominal,M2,0.958463420522866,0.04153657947713396,5
nominal_03,nominal,M3,0.9601830050980286,0.039816994901971436,5
nominal_03,nominal,M4,0.961550259085719,0.038449740914280994,5
nominal_03,nominal,M5,0.961214161317699,0.03878583868230101,5
nominal_04,nominal,M1,0.9587153106962336,0.041284689303766386,5
nominal_04,nominal,M2,0.9603097741411117,0.03969022585888826,5
nominal_04,nominal,M3,0.9618459686980029,0.03815403130199713,5
nominal_04,nominal,M4,0.9631775189208269,0.036822481079173075,5
nominal_04,nominal,M5,0.96286337590711,0.03713662409288998,5
nominal_05,nominal,M1,0.9585814510860692,0.04141854891393082,5
nominal_05,nominal,M2,0.9602291187682416,0.039770881231758426,5
nominal_05,nominal,M3,0.9617716852436807,0.03822831475631927,5
nominal_05,nominal,M4,0.9631359181610618,0.03686408183893819,5
nominal_05,nominal,M5,0.9628180284291572,0.0371819715708428,5
nominal_06,nominal,M1,0.958857710129525,0.04114228987047497,5
nominal_06,nominal,M2,0.960215355432263,0.039784644567737004,5
nominal_06,nominal,M3,0.9617651130492824,0.03823488695071764,5
nominal_06,nominal,M4,0.9629338866081768,0.0370661133918232,5
nominal_06,nominal,M5,0.9626344246102436,0.03736557538975638,5
nominal_07,nominal,M1,0.959812428081138,0.04018757191886202,5
nominal_07,nominal,M2,0.9613146377737202,0.03868536222627983,5
nominal_07,nominal,M3,0.9627588273031917,0.03724117269680827,5
nominal_07,nominal,M4,0.9640334660712389,0.035966533928761146,5
nominal_07,nominal,M5,0.9637343527577452,0.036265647242254784,5
nominal_08,nominal,M1,0.959552209143095,0.040447790856904975,5
nominal_08,nominal,M2,0.9609403740874858,0.03905962591251422,5
nominal_08,nominal,M3,0.9624220085911511,0.037577991408848876,5
nominal_08,nominal,M4,0.9636168861564863,0.03638311384351367,5
nominal_08,nominal,M5,0.9633217899152177,0.03667821008478234,5
nominal_09,nominal,M1,0.9596101333958249,0.040389866604175095,5
nominal_09,nominal,M2,0.9609291859539457,0.03907081404605428,5
nominal_09,nominal,M3,0.9624134598405222,0.03758654015947782,5
nominal_09,nominal,M4,0.9635577417231879,0.036442258276812134,5
nominal_09,nominal,M5,0.963267514540877,0.036732485459123,5
heavy_00,heavy,M1,0.9638545737364224,0.03614542626357764,5
heavy_00,heavy,M2,0.9654796482181794,0.03452035178182056,5
heavy_00,heavy,M3,0.9661611063226178,0.03383889367738224,5
heavy_00,heavy,M4,0.967633528868142,0.03236647113185798,5
heavy_00,heavy,M5,0.9673966150475152,0.032603384952484826,5
heavy_01,heavy,M1,0.9642048264294518,0.03579517357054818,5
heavy_01,heavy,M2,0.9658389386217652,0.034161061378234825,5
heavy_01,heavy,M3,0.966494691876596,0.03350530812340402,5
heavy_01,heavy,M4,0.9679758215710206,0.03202417842897942,5
heavy_01,heavy,M5,0.967740763942689,0.03225923605731096,5
heavy_02,heavy,M1,0.9623211665158742,0.03767883348412582,5
heavy_02,heavy,M2,0.964004894156789,0.03599510584321097,5
heavy_02,heavy,M3,0.9647706053472775,0.03522939465272246,5
heavy_02,heavy,M4,0.9662833244818491,0.03371667551815094,5
heavy_02,heavy,M5,0.9660333738120171,0.03396662618798285,5
heavy_03,heavy,M1,0.9622227651696051,0.03777723483039486,5
heavy_03,heavy,M2,0.9639464596082463,0.03605354039175368,5
heavy_03,heavy,M3,0.9647077596668506,0.03529224033314937,5
heavy_03,heavy,M4,0.9662522791604146,0.03374772083958544,5
heavy_03,heavy,M5,0.9659995768903613,0.03400042310963869,5
heavy_04,heavy,M1,0.9624350142431252,0.037564985756874836,5
heavy_04,heavy,M2,0.964218763129346,0.03578123687065404,5
heavy_04,heavy,M3,0.9649487722122805,0.03505122778771952,5
heavy_04,heavy,M4,0.966541817351092,0.033458182648907986,5
heavy_04,heavy,M5,0.9662875435945164,0.03371245640548359,5
heavy_05,heavy,M1,0.9636871341007306,0.03631286589926941,5
heavy_05,heavy,M2,0.9652853505013131,0.034714649498686856,5
heavy_05,heavy,M3,0.9659838844286923,0.03401611557130768,5
heavy_05,heavy,M4,0.9674327013469547,0.03256729865304531,5
heavy_05,heavy,M5,0.9671963992590645,0.03280360074093547,5
heavy_06,heavy,M1,0.9623404125035622,0.03765958749643783,5
heavy_06,heavy,M2,0.9641650113144816,0.035834988685518376,5
heavy_06,heavy,M3,0.9648924778988073,0.03510752210119272,5
heavy_06,heavy,M4,0.966518148131373,0.033481851868626955,5
heavy_06,heavy,M5,0.966260849344815,0.03373915065518496,5
heavy_07,heavy,M1,0.9632979429207087,0.036702057079291306,5
heavy_07,heavy,M2,0.9649329972052916,0.035067002794708424,5
heavy_07,heavy,M3,0.9656456556690094,0.034354344330990605,5
heavy_07,heavy,M4,0.9671226898602778,0.03287731013972217,5
heavy_07,heavy,M5,0.9668820089208865,0.03311799107911351,5
heavy_08,heavy,M1,0.9618279802574612,0.03817201974253881,5
heavy_08,heavy,M2,0.9636199967469004,0.036380003253099646,5
heavy_08,heavy,M3,0.9643899057384439,0.03561009426155615,5
heavy_08,heavy,M4,0.9659867825444186,0.03401321745558139,5
heavy_08,heavy,M5,0.9657279066066341,0.0342720933933659,5
heavy_09,heavy,M1,0.9642281746716757,0.03577182532832435,5
heavy_09,heavy,M2,0.9659079968438491,0.03409200315615091,5
heavy_09,heavy,M3,0.9665497799555103,0.03345022004448972,5
heavy_09,heavy,M4,0.9680681744918718,0.03193182550812823,5
heavy_09,heavy,M5,0.9678308133488301,0.03216918665116986,5
handling_00,handling,M1,0.9580043770498199,0.04199562295018011,5
handling_00,handling,M2,0.954774164252958,0.045225835747041976,5
handling_00,handling,M3,0.9608513291635902,0.03914867083640983,5
handling_00,handling,M4,0.9580116824476728,0.04198831755232724,5
handling_00,handling,M5,0.9576407975421939,0.04235920245780611,5
handling_01,handling,M1,0.9579845911235917,0.04201540887640831,5
handling_01,handling,M2,0.954720927928712,0.04527907207128801,5
handling_01,handling,M3,0.9608425441101216,0.0391574558898784,5
handling_01,handling,M4,0.9579750546090855,0.0420249453909145,5
handling_01,handling,M5,0.9576022143580364,0.042397785641963615,5
handling_02,handling,M1,0.9557240281067478,0.044275971893252164,5
handling_02,handling,M2,0.952119054473758,0.047880945526242,5
handling_02,handling,M3,0.9588947483195399,0.041105251680460086,5
handling_02,handling,M4,0.9558307421819631,0.04416925781803693,5
handling_02,handling,M5,0.9554119630717832,0.04458803692821678,5
handling_03,handling,M1,0.9576219090778486,0.04237809092215139,5
handling_03,handling,M2,0.9537962808606709,0.04620371913932908,5
handling_03,handling,M3,0.9606476365050939,0.03935236349490612,5
handling_03,handling,M4,0.9573785915245574,0.0426214084754426,5
handling_03,handling,M5,0.9569709039147618,0.043029096085238194,5
handling_04,handling,M1,0.9588961561164506,0.041103843883549374,5
handling_04,handling,M2,0.9556168767064217,0.0443831232935783,5
handling_04,handling,M3,0.9616701167226435,0.038329883277356536,5
handling_04,handling,M4,0.9587742665854666,0.041225733414533394,5
handling_04,handling,M5,0.9584109364950486,0.041589063504951396,5
handling_05,handling,M1,0.9588600042685248,0.0411399957314752,5
handling_05,handling,M2,0.9558783963587386,0.04412160364126139,5
handling_05,handling,M3,0.9615612305313783,0.03843876946862168,5
handling_05,handling,M4,0.9589024175508515,0.04109758244914852,5
handling_05,handling,M5,0.9585544162229368,0.0414455837770632,5
handling_06,handling,M1,0.9574729112677824,0.042527088732217555,5
handling_06,handling,M2,0.9538226819540149,0.04617731804598513,5
handling_06,handling,M3,0.9604755700139126,0.039524429986087406,5
handling_06,handling,M4,0.9573296720474133,0.04267032795258674,5
handling_06,handling,M5,0.9569298777012173,0.04307012229878271,5
handling_07,handling,M1,0.9589047013696187,0.041095298630381305,5
handling_07,handling,M2,0.955599958858309,0.04440004114169105,5
handling_07,handling,M3,0.9616843238860185,0.038315676113981456,5
handling_07,handling,M4,0.9587679472156181,0.04123205278438191,5
handling_07,handling,M5,0.958403373317157,0.04159662668284303,5
handling_08,handling,M1,0.9564102572086208,0.04358974279137917,5
handling_08,handling,M2,0.9530859584648683,0.04691404153513168,5
handling_08,handling,M3,0.9594382838173281,0.0405617161826719,5
handling_08,handling,M4,0.9565673307430065,0.04343266925699352,5
handling_08,handling,M5,0.9561723477919636,0.043827652208036416,5
handling_09,handling,M1,0.9580432025940384,0.04195679740596159,5
handling_09,handling,M2,0.954846070722001,0.045153929277998994,5
handling_09,handling,M3,0.9608771756064611,0.03912282439353887,5
handling_09,handling,M4,0.9580657018809784,0.04193429811902161,5
handling_09,handling,M5,0.9576969377084426,0.04230306229155745,5
nominal_00,nominal,M1,0.9588815869211195,0.041118413078880534,6
nominal_00,nominal,M2,0.9601451034761856,0.039854896523814354,6
nominal_00,nominal,M3,0.9618777421713861,0.03812225782861389,6
nominal_00,nominal,M4,0.9629497936417866,0.03705020635821343,6
nominal_00,nominal,M5,0.9626401368750923,0.03735986312490769,6
nominal_01,nominal,M1,0.9591844725711179,0.04081552742888206,6
nominal_01,nominal,M2,0.9604793039852457,0.039520696014754275,6
nominal_01,nominal,M3,0.9621820602031915,0.037817939796808475,6
nominal_01,nominal,M4,0.963276941231221,0.036723058768779016,6
nominal_01,nominal,M5,0.9629680869968353,0.03703191300316466,6
nominal_02,nominal,M1,0.9590995448055968,0.04090045519440322,6
nominal_02,nominal,M2,0.9602327576589682,0.039767242341031794,6
nominal_02,nominal,M3,0.961947736348601,0.03805226365139902,6
nominal_02,nominal,M4,0.9629277949104758,0.037072205089524246,6
nominal_02,nominal,M5,0.9626292754026059,0.0373707245973941,6
nominal_03,nominal,M1,0.9557856698361873,0.04421433016381271,6
nominal_03,nominal,M2,0.9573249504944187,0.04267504950558132,6
nominal_03,nominal,M3,0.9593774702405323,0.040622529759467674,6
nominal_03,nominal,M4,0.9606087331581558,0.03939126684184424,6
nominal_03,nominal,M5,0.9602515143364543,0.03974848566354572,6
nominal_04,nominal,M1,0.9564191755420302,0.04358082445796985,6
nominal_04,nominal,M2,0.9579841752846258,0.04201582471537424,6
nominal_04,nominal,M3,0.9599647222680128,0.04003527773198723,6
nominal_04,nominal,M4,0.9612139487602663,0.038786051239733665,6
nominal_04,nominal,M5,0.960862333490472,0.03913766650952799,6
nominal_05,nominal,M1,0.9592774866394012,0.040722513360598844,6
nominal_05,nominal,M2,0.9604660764957768,0.039533923504223245,6
nominal_05,nominal,M3,0.9621623552026576,0.03783764479734242,6
nominal_05,nominal,M4,0.9631836496864411,0.0368163503135589,6
nominal_05,nominal,M5,0.962882832417866,0.037117167582134014,6
nominal_06,nominal,M1,0.9590987586155723,0.040901241384427744,6
nominal_06,nominal,M2,0.9602379604278434,0.03976203957215663,6
nominal_06,nominal,M3,0.9619530194460224,0.038046980553977594,6
nominal_06,nominal,M4,0.9629379241618621,0.03706207583813792,6
nominal_06,nominal,M5,0.9626388719448791,0.03736112805512093,6
nominal_07,nominal,M1,0.9575633387318553,0.042436661268144715,6
nominal_07,nominal,M2,0.958984934706124,0.041015065293875996,6
nominal_07,nominal,M3,0.9608464426183495,0.039153557381650494,6
nominal_07,nominal,M4,0.9620160659876856,0.03798393401231437,6
nominal_07,nominal,M5,0.9616837791873155,0.03831622081268449,6
nominal_08,nominal,M1,0.9581196337038648,0.04188036629613523,6
nominal_08,nominal,M2,0.9594293106687262,0.040570689331273835,6
nominal_08,nominal,M3,0.9612366536104173,0.038763346389582676,6
nominal_08,nominal,M4,0.9623367495189755,0.03766325048102448,6
nominal_08,nominal,M5,0.9620166557004544,0.03798334429954564,6
nominal_09,nominal,M1,0.9585598545521282,0.04144014544787178,6
nominal_09,nominal,M2,0.9599395821794702,0.040060417820529826,6
nominal_09,nominal,M3,0.9617002717409916,0.0382997282590084,6
nominal_09,nominal,M4,0.9628471467589389,0.0371528532410611,6
nominal_09,nominal,M5,0.9625273481858546,0.037472651814145386,6
heavy_00,heavy,M1,0.9626767864832804,0.03732321351671963,6
heavy_00,heavy,M2,0.9644160959327954,0.035583904067204575,6
heavy_00,heavy,M3,0.9650693118472005,0.03493068815279954,6
heavy_00,heavy,M4,0.9666303297319983,0.03336967026800175,6
heavy_00,heavy,M5,0.9663870436158979,0.03361295638410211,6
heavy_01,heavy,M1,0.9648158872091938,0.03518411279080624,6
heavy_01,heavy,M2,0.9664294057210442,0.03357059427895581,6
heavy_01,heavy,M3,0.9669860898876936,0.033013910112306366,6
heavy_01,heavy,M4,0.9684535195306468,0.031546480469353155,6
heavy_01,heavy,M5,0.968230144593126,0.03176985540687405,6
heavy_02,heavy,M1,0.9639486694066847,0.036051330593315334,6
heavy_02,heavy,M2,0.9655799174226992,0.03442008257730078,6
heavy_02,heavy,M3,0.9661842210143536,0.03381577898564636,6
heavy_02,heavy,M4,0.9676617302936146,0.032338269706385425,6
heavy_02,heavy,M5,0.9674322390936025,0.03256776090639746,6
heavy_03,heavy,M1,0.9645821099549957,0.035417890045004286,6
heavy_03,heavy,M2,0.9662274254057254,0.03377257459427463,6
heavy_03,heavy,M3,0.9667882224354851,0.03321177756451488,6
heavy_03,heavy,M4,0.9682812976056572,0.031718702394342824,6
heavy_03,heavy,M5,0.968054825314146,0.031945174685854005,6
heavy_04,heavy,M1,0.9640445837953618,0.03595541620463816,6
heavy_04,heavy,M2,0.9657294044190838,0.03427059558091616,6
heavy_04,heavy,M3,0.966309317534039,0.033690682465960964,6
heavy_04,heavy,M4,0.9678320894110668,0.0321679105889332,6
heavy_04,heavy,M5,0.9676005186322341,0.03239948136776594,6
heavy_05,heavy,M1,0.9617672074463266,0.0382327925536734,6
heavy_05,heavy,M2,0.9637585997152532,0.03624140028474676,6
heavy_05,heavy,M3,0.9643963037050617,0.035603696294938314,6
heavy_05,heavy,M4,0.9661527239090436,0.03384727609095639,6
heavy_05,heavy,M5,0.9658913112907901,0.03410868870920991,6
heavy_06,heavy,M1,0.9638187972512773,0.03618120274872272,6
heavy_06,heavy,M2,0.9655194980848784,0.03448050191512164,6
heavy_06,heavy,M3,0.9661098277169119,0.033890172283088105,6
heavy_06,heavy,M4,0.9676450216845469,0.03235497831545309,6
heavy_06,heavy,M5,0.9674110569471928,0.03258894305280724,6
heavy_07,heavy,M1,0.9632735831884588,0.03672641681154121,6
heavy_07,heavy,M2,0.9650940191645714,0.03490598083542862,6
heavy_07,heavy,M3,0.9656816342995924,0.03431836570040758,6
heavy_07,heavy,M4,0.9673115520196138,0.03268844798038617,6
heavy_07,heavy,M5,0.9670681880498553,0.03293181195014472,6
heavy_08,heavy,M1,0.9637280160342917,0.0362719839657083,6
heavy_08,heavy,M2,0.9654518686098065,0.034548131390193526,6
heavy_08,heavy,M3,0.9660402603608481,0.03395973963915189,6
heavy_08,heavy,M4,0.9675939785003779,0.03240602149962213,6
heavy_08,heavy,M5,0.9673583182719097,0.032641681728090344,6
heavy_09,heavy,M1,0.962129564693565,0.03787043530643497,6
heavy_09,heavy,M2,0.9639710436130849,0.036028956386915056,6
heavy_09,heavy,M3,0.9646290512939547,0.03537094870604529,6
heavy_09,heavy,M4,0.9662699999073842,0.03373000009261584,6
heavy_09,heavy,M5,0.9660180647276617,0.03398193527233828,6
handling_00,handling,M1,0.9577431374067717,0.04225686259322825,6
handling_00,handling,M2,0.954116524106363,0.04588347589363695,6
handling_00,handling,M3,0.9607478304966225,0.03925216950337751,6
handling_00,handling,M4,0.9576338439715486,0.042366156028451396,6
handling_00,handling,M5,0.9572314701525053,0.042768529847494685,6
handling_01,handling,M1,0.9568210507566955,0.043178949243304454,6
handling_01,handling,M2,0.9532105312700951,0.04678946872990486,6
handling_01,handling,M3,0.9599156151752178,0.04008438482478216,6
handling_01,handling,M4,0.9568383083320777,0.043161691667922275,6
handling_01,handling,M5,0.9564256969435524,0.043574303056447605,6
handling_02,handling,M1,0.9574199331482397,0.0425800668517603,6
handling_02,handling,M2,0.9544850087758723,0.04551499122412772,6
handling_02,handling,M3,0.9602773241289524,0.03972267587104761,6
handling_02,handling,M4,0.9577002689801568,0.04229973101984319,6
handling_02,handling,M5,0.9573323662007363,0.04266763379926375,6
handling_03,handling,M1,0.9575352091216791,0.04246479087832089,6
handling_03,handling,M2,0.9538711870449347,0.046128812955065324,6
handling_03,handling,M3,0.9605674139972067,0.03943258600279331,6
handling_03,handling,M4,0.9574394558160134,0.04256054418398658,6
handling_03,handling,M5,0.9570323845305353,0.042967615469464704,6
handling_04,handling,M1,0.9561250766290877,0.043874923370912255,6
handling_04,handling,M2,0.952178534626364,0.04782146537363596,6
handling_04,handling,M3,0.9593726304229203,0.040627369577079686,6
handling_04,handling,M4,0.956077531170066,0.043922468829934,6
handling_04,handling,M5,0.9556374215151835,0.044362578484816506,6
handling_05,handling,M1,0.9590463664094733,0.04095363359052673,6
handling_05,handling,M2,0.9561148374498049,0.043885162550195145,6
handling_05,handling,M3,0.9617482915537373,0.03825170844626269,6
handling_05,handling,M4,0.9591386749262468,0.040861325073753174,6
handling_05,handling,M5,0.9587895311818252,0.041210468818174806,6
handling_06,handling,M1,0.9567968411592791,0.0432031588407209,6
handling_06,handling,M2,0.9535940155007678,0.04640598449923217,6
handling_06,handling,M3,0.9597903558632427,0.040209644136757317,6
handling_06,handling,M4,0.9570130819692096,0.042986918030790355,6
handling_06,handling,M5,0.9566231161134033,0.04337688388659666,6
handling_07,handling,M1,0.9563969498673953,0.04360305013260468,6
handling_07,handling,M2,0.9531022332827889,0.04689776671721113,6
handling_07,handling,M3,0.9594546687916473,0.040545331208352686,6
handling_07,handling,M4,0.9566243000647566,0.04337569993524337,6
handling_07,handling,M5,0.9562241322100905,0.043775867789909495,6
handling_08,handling,M1,0.9574612946003558,0.04253870539964422,6
handling_08,handling,M2,0.9543989597599596,0.045601040240040414,6
handling_08,handling,M3,0.9603508190636137,0.03964918093638625,6
handling_08,handling,M4,0.9576664366164197,0.0423335633835803,6
handling_08,handling,M5,0.9572921788681326,0.04270782113186744,6
handling_09,handling,M1,0.956070329566789,0.043929670433211054,6
handling_09,handling,M2,0.9526867833806231,0.04731321661937693,6
handling_09,handling,M3,0.9591864663428997,0.040813533657100276,6
handling_09,handling,M4,0.9562900470461977,0.04370995295380231,6
handling_09,handling,M5,0.955881127926797,0.044118872073202975,6
nominal_00,nominal,M1,0.9584555044108894,0.04154449558911055,7
nominal_00,nominal,M2,0.9600109726072911,0.03998902739270893,7
nominal_00,nominal,M3,0.9616200884664202,0.03837991153357978,7
nominal_00,nominal,M4,0.9629203705127246,0.03707962948727539,7
nominal_00,nominal,M5,0.9626010817611261,0.03739891823887387,7
nominal_01,nominal,M1,0.9585875215094781,0.041412478490521876,7
nominal_01,nominal,M2,0.9598930070121899,0.040106992987810064,7
nominal_01,nominal,M3,0.9615146142167093,0.03848538578329075,7
nominal_01,nominal,M4,0.9626430518112402,0.037356948188759787,7
nominal_01,nominal,M5,0.9623395015861107,0.0376604984138893,7
nominal_02,nominal,M1,0.95983250341321,0.040167496586789975,7
nominal_02,nominal,M2,0.9611739372101454,0.038826062789854565,7
nominal_02,nominal,M3,0.9626744921146251,0.03732550788537492,7
nominal_02,nominal,M4,0.9638354289296794,0.03616457107032056,7
nominal_02,nominal,M5,0.9635410599893701,0.03645894001062988,7
nominal_03,nominal,M1,0.9577040140594936,0.04229598594050643,7
nominal_03,nominal,M2,0.9592131910949286,0.04078680890507136,7
nominal_03,nominal,M3,0.9609010953935727,0.03909890460642729,7
nominal_03,nominal,M4,0.9621654692650483,0.03783453073495169,7
nominal_03,nominal,M5,0.9618417020332142,0.038158297966785826,7
nominal_04,nominal,M1,0.9582294336700463,0.041770566329953684,7
nominal_04,nominal,M2,0.959637110594299,0.040362889405700986,7
nominal_04,nominal,M3,0.9612825588272857,0.03871744117271425,7
nominal_04,nominal,M4,0.962480421918574,0.03751957808142603,7
nominal_04,nominal,M5,0.9621675403791692,0.037832459620830816,7
nominal_05,nominal,M1,0.958304836513628,0.04169516348637203,7
nominal_05,nominal,M2,0.9598813757715767,0.04011862422842327,7
nominal_05,nominal,M3,0.9615026904688072,0.03849730953119279,7
nominal_05,nominal,M4,0.9628149442715607,0.03718505572843933,7
nominal_05,nominal,M5,0.9624932989507025,0.03750670104929754,7
nominal_06,nominal,M1,0.9567252603520057,0.04327473964799433,7
nominal_06,nominal,M2,0.958241596632013,0.041758403367986974,7
nominal_06,nominal,M3,0.9600308558660566,0.03996914413394337,7
nominal_06,nominal,M4,0.9612930729861787,0.03870692701382128,7
nominal_06,nominal,M5,0.9609593051361899,0.03904069486381012,7
nominal_07,nominal,M1,0.9590948149649601,0.040905185035039926,7
nominal_07,nominal,M2,0.9605348986383976,0.03946510136160242,7
nominal_07,nominal,M3,0.9620937362625727,0.03790626373742734,7
nominal_07,nominal,M4,0.9633199336185394,0.036680066381460597,7
nominal_07,nominal,M5,0.9630130501000178,0.03698694989998219,7
nominal_08,nominal,M1,0.9573104683169993,0.042689531683000714,7
nominal_08,nominal,M2,0.9589740084072106,0.04102599159278941,7
nominal_08,nominal,M3,0.9606871520064062,0.0393128479935938,7
nominal_08,nominal,M4,0.9620482872227385,0.037951712777261504,7
nominal_08,nominal,M5,0.9617126950688737,0.03828730493112631,7
nominal_09,nominal,M1,0.9578786558975647,0.04212134410243529,7
nominal_09,nominal,M2,0.95952142548775,0.04047857451225001,7
nominal_09,nominal,M3,0.9611781633835712,0.038821836616428795,7
nominal_09,nominal,M4,0.9625288897409668,0.03747111025903316,7
nominal_09,nominal,M5,0.9622000259680729,0.03779997403192714,7
heavy_00,heavy,M1,0.9618259810528235,0.038174018947176536,7
heavy_00,heavy,M2,0.9640619774239952,0.03593802257600476,7
heavy_00,heavy,M3,0.9643842865768386,0.03561571342316139,7
heavy_00,heavy,M4,0.9663602440024824,0.03363975599751756,7
heavy_00,heavy,M5,0.9661093469692379,0.03389065303076211,7
heavy_01,heavy,M1,0.9638944503631371,0.036105549636862855,7
heavy_01,heavy,M2,0.96586558451629,0.03413441548370999,7
heavy_01,heavy,M3,0.96615896651668,0.033841033483320015,7
heavy_01,heavy,M4,0.9679343425491712,0.03206565745082879,7
heavy_01,heavy,M5,0.9677070902219131,0.032292909778086853,7
heavy_02,heavy,M1,0.9630467219630627,0.036953278036937265,7
heavy_02,heavy,M2,0.9651494351818579,0.03485056481814208,7
heavy_02,heavy,M3,0.9654430627119368,0.034556937288063194,7
heavy_02,heavy,M4,0.9673207881593358,0.032679211840664246,7
heavy_02,heavy,M5,0.9670829539776404,0.032917046022359564,7
heavy_03,heavy,M1,0.9631523966075594,0.03684760339244064,7
heavy_03,heavy,M2,0.9653112277581988,0.034688772241801225,7
heavy_03,heavy,M3,0.9655745790668384,0.03442542093316159,7
heavy_03,heavy,M4,0.9674976789158244,0.03250232108417561,7
heavy_03,heavy,M5,0.9672584058750073,0.03274159412499267,7
heavy_04,heavy,M1,0.9625181750606177,0.03748182493938235,7
heavy_04,heavy,M2,0.9647918757785089,0.03520812422149111,7
heavy_04,heavy,M3,0.9650495116568688,0.03495048834313119,7
heavy_04,heavy,M4,0.9670577448491361,0.03294225515086391,7
heavy_04,heavy,M5,0.9668104102270463,0.03318958977295372,7
heavy_05,heavy,M1,0.9635759527852293,0.03642404721477066,7
heavy_05,heavy,M2,0.9657396451376726,0.03426035486232737,7
heavy_05,heavy,M3,0.965972695958241,0.03402730404175902,7
heavy_05,heavy,M4,0.9679015474608157,0.03209845253918431,7
heavy_05,heavy,M5,0.9676649120672968,0.03233508793270323,7
heavy_06,heavy,M1,0.9638626198785587,0.0361373801214413,7
heavy_06,heavy,M2,0.9659542201094128,0.03404577989058721,7
heavy_06,heavy,M3,0.9661981595713381,0.033801840428661856,7
heavy_06,heavy,M4,0.9680711494337135,0.03192885056628647,7
heavy_06,heavy,M5,0.9678390878542757,0.03216091214572425,7
heavy_07,heavy,M1,0.9639570039292876,0.036042996070712374,7
heavy_07,heavy,M2,0.9660442821544533,0.03395571784554674,7
heavy_07,heavy,M3,0.9662828871131851,0.03371711288681489,7
heavy_07,heavy,M4,0.9681524883109377,0.0318475116890623,7
heavy_07,heavy,M5,0.9679213458220882,0.03207865417791178,7
heavy_08,heavy,M1,0.9636784820958006,0.03632151790419935,7
heavy_08,heavy,M2,0.9656344753575818,0.034365524642418155,7
heavy_08,heavy,M3,0.9659478971005131,0.0340521028994869,7
heavy_08,heavy,M4,0.9677090246774447,0.032290975322555315,7
heavy_08,heavy,M5,0.9674811239793155,0.032518876020684484,7
heavy_09,heavy,M1,0.9644136512436426,0.035586348756357356,7
heavy_09,heavy,M2,0.9664574734732521,0.03354252652674794,7
heavy_09,heavy,M3,0.9666867868737343,0.03331321312626567,7
heavy_09,heavy,M4,0.9685243174811512,0.0314756825188488,7
heavy_09,heavy,M5,0.9682974735413763,0.0317025264586237,7
handling_00,handling,M1,0.9570759100047513,0.04292408999524866,7
handling_00,handling,M2,0.9527115628934187,0.04728843710658126,7
handling_00,handling,M3,0.9601298507902277,0.039870149209772276,7
handling_00,handling,M4,0.9564029244901708,0.043597075509829164,7
handling_00,handling,M5,0.9559803964440823,0.04401960355591772,7
handling_01,handling,M1,0.9580370104464209,0.04196298955357913,7
handling_01,handling,M2,0.9540599009853297,0.04594009901467033,7
handling_01,handling,M3,0.9609187375365302,0.03908126246346977,7
handling_01,handling,M4,0.9574533420876102,0.04254665791238976,7
handling_01,handling,M5,0.9570620598183754,0.042937940181624557,7
handling_02,handling,M1,0.9577330255750923,0.04226697442490768,7
handling_02,handling,M2,0.9542554847333565,0.04574451526664347,7
handling_02,handling,M3,0.960541261707252,0.03945873829274804,7
handling_02,handling,M4,0.95747635885375,0.04252364114624996,7
handling_02,handling,M5,0.9571057223123745,0.04289427768762555,7
handling_03,handling,M1,0.9573434744707043,0.042656525529295664,7
handling_03,handling,M2,0.9535737688135368,0.04642623118646316,7
handling_03,handling,M3,0.9602530105513974,0.039746989448602554,7
handling_03,handling,M4,0.9569659198146927,0.0430340801853073,7
handling_03,handling,M5,0.9565763321397023,0.04342366786029772,7
handling_04,handling,M1,0.9580609730122402,0.04193902698775975,7
handling_04,handling,M2,0.9542646213025225,0.04573537869747746,7
handling_04,handling,M3,0.9609054633302209,0.039094536669779134,7
handling_04,handling,M4,0.9575734180966846,0.042426581903315386,7
handling_04,handling,M5,0.957191490914923,0.04280850908507705,7
handling_05,handling,M1,0.9582862741399237,0.04171372586007627,7
handling_05,handling,M2,0.9545395981293866,0.0454604018706134,7
handling_05,handling,M3,0.9610976483666196,0.038902351633380405,7
handling_05,handling,M4,0.9578023024676625,0.042197697532337486,7
handling_05,handling,M5,0.9574253851140261,0.042574614885973916,7
handling_06,handling,M1,0.9575454140656963,0.042454585934303735,7
handling_06,handling,M2,0.9536230572116171,0.04637694278838289,7
handling_06,handling,M3,0.960464880562053,0.039535119437946964,7
handling_06,handling,M4,0.9570587459566774,0.04294125404332261,7
handling_06,handling,M5,0.9566639830737499,0.04333601692625011,7
handling_07,handling,M1,0.9559290328826308,0.04407096711736924,7
handling_07,handling,M2,0.9516317215055018,0.04836827849449821,7
handling_07,handling,M3,0.9590904119899533,0.04090958801004674,7
handling_07,handling,M4,0.9554580074257956,0.044541992574204436,7
handling_07,handling,M5,0.9550237773599544,0.04497622264004564,7
handling_08,handling,M1,0.9575036786247569,0.04249632137524306,7
handling_08,handling,M2,0.9539401664287633,0.046059833571236664,7
handling_08,handling,M3,0.9603540526337082,0.03964594736629179,7
handling_08,handling,M4,0.95722048891241,0.04277951108759004,7
handling_08,handling,M5,0.9568431529465068,0.04315684705349321,7
handling_09,handling,M1,0.9576471607596476,0.04235283924035238,7
handling_09,handling,M2,0.9539224239707833,0.046077576029216694,7
handling_09,handling,M3,0.9605161628430541,0.03948383715694592,7
handling_09,handling,M4,0.9572600297727569,0.042739970227243074,7
handling_09,handling,M5,0.9568762241056219,0.0431237758943781,7
nominal_00,nominal,M1,0.958255150837048,0.04174484916295196,8
nominal_00,nominal,M2,0.959361985980964,0.040638014019035995,8
nominal_00,nominal,M3,0.9612899449042313,0.03871005509576875,8
nominal_00,nominal,M4,0.962234350121714,0.03776564987828601,8
nominal_00,nominal,M5,0.9619186213456727,0.03808137865432726,8
nominal_01,nominal,M1,0.9598120013239372,0.04018799867606282,8
nominal_01,nominal,M2,0.9608885428138018,0.03911145718619824,8
nominal_01,nominal,M3,0.9626663646849682,0.037333635315031755,8
nominal_01,nominal,M4,0.9635955518013152,0.036404448198684825,8
nominal_01,nominal,M5,0.9632967363867875,0.03670326361321252,8
nominal_02,nominal,M1,0.9589147668296583,0.04108523317034174,8
nominal_02,nominal,M2,0.9600399221933296,0.039960077806670435,8
nominal_02,nominal,M3,0.9619069340990026,0.03809306590099737,8
nominal_02,nominal,M4,0.9628672383768315,0.037132761623168475,8
nominal_02,nominal,M5,0.9625561651558001,0.037443834844199886,8
nominal_03,nominal,M1,0.9573651981887467,0.04263480181125334,8
nominal_03,nominal,M2,0.9586687202478896,0.04133127975211037,8
nominal_03,nominal,M3,0.9607079012793157,0.03929209872068429,8
nominal_03,nominal,M4,0.9617773426736458,0.038222657326354215,8
nominal_03,nominal,M5,0.9614385714540211,0.03856142854597888,8
nominal_04,nominal,M1,0.9576503792989198,0.04234962070108017,8
nominal_04,nominal,M2,0.9588595209413459,0.041140479058654145,8
nominal_04,nominal,M3,0.9608591596977517,0.03914084030224829,8
nominal_04,nominal,M4,0.9618698354767437,0.03813016452325635,8
nominal_04,nominal,M5,0.9615404873814305,0.0384595126185695,8
nominal_05,nominal,M1,0.9602081578710948,0.039791842128905186,8
nominal_05,nominal,M2,0.9612620672913447,0.03873793270865533,8
nominal_05,nominal,M3,0.9630016363860152,0.036998363613984786,8
nominal_05,nominal,M4,0.9639160433658848,0.03608395663411523,8
nominal_05,nominal,M5,0.9636226512668447,0.036377348733155346,8
nominal_06,nominal,M1,0.9581004453449277,0.041899554655072335,8
nominal_06,nominal,M2,0.9592839910965372,0.04071600890346283,8
nominal_06,nominal,M3,0.961235794391866,0.038764205608133984,8
nominal_06,nominal,M4,0.962231556574833,0.03776844342516705,8
nominal_06,nominal,M5,0.9619084720208025,0.03809152797919746,8
nominal_07,nominal,M1,0.9591995318031711,0.04080046819682892,8
nominal_07,nominal,M2,0.9603598917998672,0.03964010820013275,8
nominal_07,nominal,M3,0.9622039706487738,0.03779602935122617,8
nominal_07,nominal,M4,0.9631891053293639,0.03681089467063614,8
nominal_07,nominal,M5,0.9628780069183693,0.037121993081630666,8
nominal_08,nominal,M1,0.9591152281865791,0.04088477181342087,8
nominal_08,nominal,M2,0.9601935731693142,0.039806426830685804,8
nominal_08,nominal,M3,0.9620360040679257,0.037963995932074335,8
nominal_08,nominal,M4,0.9629639987165787,0.03703600128342133,8
nominal_08,nominal,M5,0.9626586361172779,0.037341363882722134,8
nominal_09,nominal,M1,0.9585943441593491,0.04140565584065092,8
nominal_09,nominal,M2,0.9598674484664338,0.04013255153356621,8
nominal_09,nominal,M3,0.9617825398425535,0.03821746015744654,8
nominal_09,nominal,M4,0.9628397356391836,0.03716026436081643,8
nominal_09,nominal,M5,0.9625145452770448,0.03748545472295517,8
heavy_00,heavy,M1,0.9640599692336141,0.035940030766385855,8
heavy_00,heavy,M2,0.9660103607424007,0.03398963925759935,8
heavy_00,heavy,M3,0.9664279323506306,0.033572067649369375,8
heavy_00,heavy,M4,0.9681682291305894,0.03183177086941058,8
heavy_00,heavy,M5,0.9679319971443033,0.032068002855696665,8
heavy_01,heavy,M1,0.9629358753584117,0.03706412464158826,8
heavy_01,heavy,M2,0.9649536983100416,0.03504630168995837,8
heavy_01,heavy,M3,0.9654212707330976,0.03457872926690242,8
heavy_01,heavy,M4,0.9672094829366289,0.032790517063371105,8
heavy_01,heavy,M5,0.9669630604763159,0.03303693952368414,8
heavy_02,heavy,M1,0.9632132077316713,0.036786792268328705,8
heavy_02,heavy,M2,0.9651220373360652,0.034877962663934836,8
heavy_02,heavy,M3,0.96560874065684,0.03439125934316001,8
heavy_02,heavy,M4,0.9673121082375038,0.0326878917624962,8
heavy_02,heavy,M5,0.9670722785556405,0.032927721444359515,8
heavy_03,heavy,M1,0.9635662238332179,0.03643377616678212,8
heavy_03,heavy,M2,0.9653918338911579,0.0346081661088421,8
heavy_03,heavy,M3,0.9658858053140649,0.03411419468593513,8
heavy_03,heavy,M4,0.9675239116263873,0.03247608837361271,8
heavy_03,heavy,M5,0.9672899877353187,0.03271001226468129,8
heavy_04,heavy,M1,0.9632677649837668,0.03673223501623324,8
heavy_04,heavy,M2,0.9652318748841893,0.03476812511581073,8
heavy_04,heavy,M3,0.965696999067055,0.03430300093294503,8
heavy_04,heavy,M4,0.9674452124748126,0.03255478752518737,8
heavy_04,heavy,M5,0.9672030991662973,0.03279690083370268,8
heavy_05,heavy,M1,0.9631961886182432,0.03680381138175681,8
heavy_05,heavy,M2,0.9651111211030896,0.03488887889691039,8
heavy_05,heavy,M3,0.9655967495035362,0.034403250496463755,8
heavy_05,heavy,M4,0.9673048954130422,0.03269510458695779,8
heavy_05,heavy,M5,0.967064692604018,0.03293530739598205,8
heavy_06,heavy,M1,0.9632002974454811,0.03679970255451892,8
heavy_06,heavy,M2,0.9651790303620844,0.03482096963791559,8
heavy_06,heavy,M3,0.9656416163219458,0.034358383678054216,8
heavy_06,heavy,M4,0.9674001197584637,0.03259988024153626,8
heavy_06,heavy,M5,0.9671572418938007,0.0328427581061993,8
heavy_07,heavy,M1,0.9623169771038543,0.03768302289614567,8
heavy_07,heavy,M2,0.964329059676654,0.035670940323345945,8
heavy_07,heavy,M3,0.9648407497975525,0.03515925020244748,8
heavy_07,heavy,M4,0.9666217279259038,0.03337827207409616,8
heavy_07,heavy,M5,0.9663713605175795,0.03362863948242045,8
heavy_08,heavy,M1,0.964541743810345,0.035458256189655035,8
heavy_08,heavy,M2,0.9663145583875054,0.03368544161249465,8
heavy_08,heavy,M3,0.9667652313770887,0.033234768622911304,8
heavy_08,heavy,M4,0.9683649196682497,0.03163508033175033,8
heavy_08,heavy,M5,0.9681395637868037,0.03186043621319634,8
heavy_09,heavy,M1,0.962086666327294,0.037913333672705996,8
heavy_09,heavy,M2,0.9640545156679435,0.035945484332056465,8
heavy_09,heavy,M3,0.9645959791991454,0.035404020800854585,8
heavy_09,heavy,M4,0.966339625738533,0.03366037426146695,8
heavy_09,heavy,M5,0.9660899240401223,0.03391007595987772,8
handling_00,handling,M1,0.9580676976018441,0.04193230239815593,8
handling_00,handling,M2,0.9550986006878689,0.04490139931213111,8
handling_00,handling,M3,0.960869889102595,0.039130110897405035,8
handling_00,handling,M4,0.9582565304993392,0.04174346950066077,8
handling_00,handling,M5,0.9578953723239023,0.04210462767609768,8
handling_01,handling,M1,0.9590279859767883,0.04097201402321171,8
handling_01,handling,M2,0.9561105649570686,0.04388943504293141,8
handling_01,handling,M3,0.9617273483655857,0.03827265163441429,8
handling_01,handling,M4,0.9591337089852247,0.04086629101477535,8
handling_01,handling,M5,0.9587861238263174,0.04121387617368255,8
handling_02,handling,M1,0.9564882328885277,0.04351176711147231,8
handling_02,handling,M2,0.9526027968568679,0.047397203143132116,8
handling_02,handling,M3,0.959683256760128,0.040316743239872,8
handling_02,handling,M4,0.9564257860882635,0.04357421391173655,8
handling_02,handling,M5,0.9559950485213218,0.04400495147867822,8
handling_03,handling,M1,0.9563076673462994,0.04369233265370065,8
handling_03,handling,M2,0.9526196895907132,0.04738031040928681,8
handling_03,handling,M3,0.9594740352998754,0.040525964700124595,8
handling_03,handling,M4,0.956358753136277,0.04364124686372295,8
handling_03,handling,M5,0.9559369341718251,0.044063065828174874,8
handling_04,handling,M1,0.9585300771613047,0.04146992283869533,8
handling_04,handling,M2,0.9553669915384798,0.044633008461520185,8
handling_04,handling,M3,0.961343296496572,0.03865670350342798,8
handling_04,handling,M4,0.9585615630711866,0.04143843692881344,8
handling_04,handling,M5,0.9581951386863767,0.041804861313623265,8
handling_05,handling,M1,0.9577215757364006,0.0422784242635994,8
handling_05,handling,M2,0.9541173174508933,0.04588268254910666,8
handling_05,handling,M3,0.9607234523569884,0.03927654764301158,8
handling_05,handling,M4,0.9576341373841041,0.04236586261589592,8
handling_05,handling,M5,0.957233898092452,0.04276610190754804,8
handling_06,handling,M1,0.9556174259773055,0.04438257402269452,8
handling_06,handling,M2,0.952116634386756,0.04788336561324402,8
handling_06,handling,M3,0.9588080746557137,0.041191925344286284,8
handling_06,handling,M4,0.9558439645801283,0.044156035419871675,8
handling_06,handling,M5,0.9554242968140585,0.044575703185941506,8
handling_07,handling,M1,0.9578791450792649,0.04212085492073514,8
handling_07,handling,M2,0.9546020353739206,0.04539796462607937,8
handling_07,handling,M3,0.960782944807355,0.039217055192644956,8
handling_07,handling,M4,0.9579328140810903,0.04206718591890968,8
handling_07,handling,M5,0.9575525730920922,0.042447426907907815,8
handling_08,handling,M1,0.9561405225108546,0.043859477489145426,8
handling_08,handling,M2,0.9526490852684306,0.04735091473156938,8
handling_08,handling,M3,0.9592749240883132,0.04072507591168684,8
handling_08,handling,M4,0.9563019334314814,0.0436980665685186,8
handling_08,handling,M5,0.9558892435256217,0.04411075647437834,8
handling_09,handling,M1,0.9577384713690309,0.0422615286309691,8
handling_09,handling,M2,0.954304388053485,0.04569561194651495,8
handling_09,handling,M3,0.960697575391844,0.03930242460815603,8
handling_09,handling,M4,0.957728761772707,0.04227123822729295,8
handling_09,handling,M5,0.9573382634565966,0.04266173654340344,8
nominal_00,nominal,M1,0.9585857854546992,0.04141421454530081,9
nominal_00,nominal,M2,0.9595724938738887,0.040427506126111346,9
nominal_00,nominal,M3,0.9616111563252575,0.03838884367474249,9
nominal_00,nominal,M4,0.9624591675521981,0.03754083244780193,9
nominal_00,nominal,M5,0.9621412519616594,0.03785874803834055,9
nominal_01,nominal,M1,0.9574075338347768,0.042592466165223164,9
nominal_01,nominal,M2,0.9584831183770696,0.041516881622930435,9
nominal_01,nominal,M3,0.9606622636566245,0.03933773634337545,9
nominal_01,nominal,M4,0.9615656085370899,0.038434391462910056,9
nominal_01,nominal,M5,0.9612281474008414,0.03877185259915861,9
nominal_02,nominal,M1,0.9583881220569721,0.0416118779430279,9
nominal_02,nominal,M2,0.959467406690945,0.04053259330905501,9
nominal_02,nominal,M3,0.9615490879241255,0.03845091207587448,9
nominal_02,nominal,M4,0.9624603531335818,0.0375396468664182,9
nominal_02,nominal,M5,0.962131901453153,0.03786809854684703,9
nominal_03,nominal,M1,0.9557066638551583,0.044293336144841655,9
nominal_03,nominal,M2,0.9569487815188955,0.04305121848110449,9
nominal_03,nominal,M3,0.9593514257764915,0.04064857422350854,9
nominal_03,nominal,M4,0.960350158750747,0.03964984124925297,9
nominal_03,nominal,M5,0.9599818036432268,0.04001819635677317,9
nominal_04,nominal,M1,0.9582387886141407,0.04176121138585931,9
nominal_04,nominal,M2,0.9592122105679441,0.040787789432055854,9
nominal_04,nominal,M3,0.9612826786265555,0.038717321373444524,9
nominal_04,nominal,M4,0.9621209189199729,0.03787908108002713,9
nominal_04,nominal,M5,0.9618006373109534,0.038199362689046557,9
nominal_05,nominal,M1,0.9560064493993828,0.04399355060061716,9
nominal_05,nominal,M2,0.9571895256826238,0.04281047431737617,9
nominal_05,nominal,M3,0.9595448530220634,0.04045514697793662,9
nominal_05,nominal,M4,0.9605089743686048,0.03949102563139517,9
nominal_05,nominal,M5,0.9601484070802195,0.039851592919780465,9
nominal_06,nominal,M1,0.9587639528466589,0.04123604715334106,9
nominal_06,nominal,M2,0.9597807357308716,0.04021926426912836,9
nominal_06,nominal,M3,0.961810206194945,0.03818979380505505,9
nominal_06,nominal,M4,0.9626807150271443,0.03731928497285575,9
nominal_06,nominal,M5,0.9623614753259787,0.03763852467402129,9
nominal_07,nominal,M1,0.9595259718091476,0.04047402819085244,9
nominal_07,nominal,M2,0.9604521746188086,0.03954782538119139,9
nominal_07,nominal,M3,0.9623864569512439,0.03761354304875608,9
nominal_07,nominal,M4,0.9631956009259105,0.0368043990740895,9
nominal_07,nominal,M5,0.962892172262052,0.03710782773794796,9
nominal_08,nominal,M1,0.9600466716165074,0.03995332838349264,9
nominal_08,nominal,M2,0.9609850721017817,0.039014927898218255,9
nominal_08,nominal,M3,0.9628767942728094,0.037123205727190633,9
nominal_08,nominal,M4,0.9636981855650992,0.03630181443490077,9
nominal_08,nominal,M5,0.9633978041957407,0.036602195804259274,9
nominal_09,nominal,M1,0.959151388560608,0.040848611439392,9
nominal_09,nominal,M2,0.9601148920821606,0.03988510791783939,9
nominal_09,nominal,M3,0.9620954847085149,0.037904515291485086,9
nominal_09,nominal,M4,0.9629316692487221,0.03706833075127791,9
nominal_09,nominal,M5,0.9626206686049709,0.037379331395029136,9
heavy_00,heavy,M1,0.9632735748274123,0.03672642517258773,9
heavy_00,heavy,M2,0.9654937609022195,0.0345062390977805,9
heavy_00,heavy,M3,0.9657399970299037,0.03426000297009635,9
heavy_00,heavy,M4,0.9676941208210164,0.03230587917898364,9
heavy_00,heavy,M5,0.9674539983197558,0.03254600168024424,9
heavy_01,heavy,M1,0.9648708876731182,0.03512911232688176,9
heavy_01,heavy,M2,0.9668062409983206,0.033193759001679424,9
heavy_01,heavy,M3,0.9670668064604496,0.032933193539550376,9
heavy_01,heavy,M4,0.9688031803010361,0.03119681969896393,9
heavy_01,heavy,M5,0.9685838994815966,0.03141610051840338,9
heavy_02,heavy,M1,0.9643976618919325,0.035602338108067455,9
heavy_02,heavy,M2,0.9663818268289662,0.03361817317103377,9
heavy_02,heavy,M3,0.9666516250281253,0.033348374971874706,9
heavy_02,heavy,M4,0.9684253885431123,0.03157461145688767,9
heavy_02,heavy,M5,0.9682012492677157,0.03179875073228433,9
heavy_03,heavy,M1,0.9636944792641676,0.036305520735832375,9
heavy_03,heavy,M2,0.9658369938929637,0.034163006107036265,9
heavy_03,heavy,M3,0.9660863056507561,0.03391369434924385,9
heavy_03,heavy,M4,0.9679821694332761,0.032017830566723915,9
heavy_03,heavy,M5,0.9677476641621515,0.03225233583784848,9
heavy_04,heavy,M1,0.9650496471169605,0.03495035288303949,9
heavy_04,heavy,M2,0.9669210414803863,0.03307895851961373,9
heavy_04,heavy,M3,0.9671968883017834,0.03280311169821659,9
heavy_04,heavy,M4,0.9688813240752568,0.031118675924743155,9
heavy_04,heavy,M5,0.9686658022767185,0.0313341977232815,9
heavy_05,heavy,M1,0.9632767028445969,0.03672329715540312,9
heavy_05,heavy,M2,0.9653788564687926,0.03462114353120738,9
heavy_05,heavy,M3,0.9656714847758179,0.03432851522418212,9
heavy_05,heavy,M4,0.9675334228851721,0.03246657711482792,9
heavy_05,heavy,M5,0.9672977834197818,0.03270221658021821,9
heavy_06,heavy,M1,0.9640307230240026,0.03596927697599739,9
heavy_06,heavy,M2,0.9661519877134812,0.03384801228651879,9
heavy_06,heavy,M3,0.9663879252107994,0.033612074789200586,9
heavy_06,heavy,M4,0.9682685674387461,0.03173143256125388,9
heavy_06,heavy,M5,0.9680370486988016,0.03196295130119842,9
heavy_07,heavy,M1,0.9628394019215609,0.03716059807843908,9
heavy_07,heavy,M2,0.9648635698297183,0.035136430170281674,9
heavy_07,heavy,M3,0.9652173803036882,0.0347826196963118,9
heavy_07,heavy,M4,0.9670138814959984,0.03298611850400157,9
heavy_07,heavy,M5,0.9667784862299008,0.03322151377009919,9
heavy_08,heavy,M1,0.9629973664045895,0.03700263359541045,9
heavy_08,heavy,M2,0.9651364398510526,0.034863560148947426,9
heavy_08,heavy,M3,0.965433237143207,0.034566762856793054,9
heavy_08,heavy,M4,0.9673231146809855,0.03267688531901447,9
heavy_08,heavy,M5,0.9670841709893769,0.032915829010623066,9
heavy_09,heavy,M1,0.9635600521330088,0.03643994786699123,9
heavy_09,heavy,M2,0.9656177231042061,0.03438227689579387,9
heavy_09,heavy,M3,0.9659101993210222,0.03408980067897782,9
heavy_09,heavy,M4,0.9677384400456622,0.03226155995433777,9
heavy_09,heavy,M5,0.967506272266781,0.03249372773321901,9
handling_00,handling,M1,0.9573808093648185,0.04261919063518149,9
handling_00,handling,M2,0.953821591237441,0.046178408762558965,9
handling_00,handling,M3,0.9603734602314427,0.039626539768557345,9
handling_00,handling,M4,0.9573142373601935,0.0426857626398065,9
handling_00,handling,M5,0.9569165206332643,0.04308347936673573,9
handling_01,handling,M1,0.9569659789253139,0.043034021074686124,9
handling_01,handling,M2,0.9534297538623651,0.04657024613763494,9
handling_01,handling,M3,0.9599947679115928,0.04000523208840723,9
handling_01,handling,M4,0.9569633367926863,0.0430366632073137,9
handling_01,handling,M5,0.9565618920649842,0.04343810793501579,9
handling_02,handling,M1,0.9559437310658369,0.044056268934163145,9
handling_02,handling,M2,0.9518303878352351,0.0481696121647649,9
handling_02,handling,M3,0.9592136893617536,0.04078631063824645,9
handling_02,handling,M4,0.9558005366596166,0.04419946334038338,9
handling_02,handling,M5,0.9553547052206803,0.044645294779319666,9
handling_03,handling,M1,0.9584651124322456,0.041534887567754364,9
handling_03,handling,M2,0.955082941678658,0.04491705832134196,9
handling_03,handling,M3,0.9613098165093804,0.03869018349061959,9
handling_03,handling,M4,0.9583532027146029,0.04164679728539711,9
handling_03,handling,M5,0.9579778984493466,0.042022101550653446,9
handling_04,handling,M1,0.958734478668854,0.04126552133114603,9
handling_04,handling,M2,0.9555365691468434,0.04446343085315663,9
handling_04,handling,M3,0.9615075633517379,0.038492436648262074,9
handling_04,handling,M4,0.9586875877574583,0.041312412242541674,9
handling_04,handling,M5,0.9583252593223819,0.041674740677618116,9
handling_05,handling,M1,0.9594691949669858,0.040530805033014206,9
handling_05,handling,M2,0.9565159944608951,0.04348400553910492,9
handling_05,handling,M3,0.9621106352962008,0.03788936470379922,9
handling_05,handling,M4,0.9594728952308653,0.04052710476913468,9
handling_05,handling,M5,0.9591316696006114,0.04086833039938864,9
handling_06,handling,M1,0.9568281104060105,0.04317188959398954,9
handling_06,handling,M2,0.9532703318366509,0.046729668163349114,9
handling_06,handling,M3,0.9598769846749681,0.04012301532503193,9
handling_06,handling,M4,0.9568294795371586,0.04317052046284142,9
handling_06,handling,M5,0.9564252824947004,0.04357471750529962,9
handling_07,handling,M1,0.9571213825590725,0.04287861744092747,9
handling_07,handling,M2,0.9536832972785482,0.04631670272145183,9
handling_07,handling,M3,0.9601106690439675,0.03988933095603253,9
handling_07,handling,M4,0.957146530294718,0.04285346970528203,9
handling_07,handling,M5,0.956752371866925,0.04324762813307503,9
handling_08,handling,M1,0.9561698772228187,0.043830122777181346,9
handling_08,handling,M2,0.9523421413813091,0.047657858618690874,9
handling_08,handling,M3,0.9593505357081507,0.040649464291849347,9
handling_08,handling,M4,0.956130354404194,0.04386964559580597,9
handling_08,handling,M5,0.9557031060723344,0.04429689392766556,9
handling_09,handling,M1,0.9577365453349664,0.04226345466503356,9
handling_09,handling,M2,0.954742777894162,0.045257222105838046,9
handling_09,handling,M3,0.9605496183604786,0.039450381639521415,9
handling_09,handling,M4,0.9579158002985128,0.042084199701487246,9
handling_09,handling,M5,0.9575529605220702,0.04244703947792983,9
nominal_00,nominal,M1,0.9592292036465305,0.040770796353469474,10
nominal_00,nominal,M2,0.9603033528085329,0.03969664719146715,10
nominal_00,nominal,M3,0.962277136765209,0.037722863234791015,10
nominal_00,nominal,M4,0.9631813853398052,0.03681861466019476,10
nominal_00,nominal,M5,0.9628641169581096,0.037135883041890416,10
nominal_01,nominal,M1,0.9573212755843662,0.042678724415633806,10
nominal_01,nominal,M2,0.9584074121515729,0.04159258784842712,10
nominal_01,nominal,M3,0.9605759836523459,0.039424016347654134,10
nominal_01,nominal,M4,0.9614787636910774,0.03852123630892257,10
nominal_01,nominal,M5,0.961141962484981,0.03885803751501904,10
nominal_02,nominal,M1,0.9576780667471222,0.04232193325287781,10
nominal_02,nominal,M2,0.9588388654373603,0.0411611345626397,10
nominal_02,nominal,M3,0.9609853934707119,0.03901460652928812,10
nominal_02,nominal,M4,0.9619397042734581,0.038060295726541904,10
nominal_02,nominal,M5,0.9616001163880178,0.03839988361198221,10
nominal_03,nominal,M1,0.9569525339181192,0.043047466081880814,10
nominal_03,nominal,M2,0.9580708047835229,0.04192919521647709,10
nominal_03,nominal,M3,0.9602854311665519,0.03971456883344815,10
nominal_03,nominal,M4,0.961207890828682,0.038792109171318034,10
nominal_03,nominal,M5,0.9608645438983777,0.03913545610162228,10
nominal_04,nominal,M1,0.9578304632561074,0.042169536743892566,10
nominal_04,nominal,M2,0.958800207756754,0.04119979224324599,10
nominal_04,nominal,M3,0.9608932524138933,0.03910674758610666,10
nominal_04,nominal,M4,0.9617212623981739,0.038278737601826096,10
nominal_04,nominal,M5,0.961399224582629,0.03860077541737095,10
nominal_05,nominal,M1,0.957480908753812,0.04251909124618802,10
nominal_05,nominal,M2,0.9584842007857963,0.041515799214203675,10
nominal_05,nominal,M3,0.9606202936034328,0.03937970639656718,10
nominal_05,nominal,M4,0.9614698766441302,0.038530123355869805,10
nominal_05,nominal,M5,0.9611413538435278,0.038858646156472165,10
nominal_06,nominal,M1,0.9587358531439293,0.041264146856070716,10
nominal_06,nominal,M2,0.9597106689777527,0.0402893310222473,10
nominal_06,nominal,M3,0.9617130199500914,0.0382869800499086,10
nominal_06,nominal,M4,0.9625482615822458,0.03745173841775418,10
nominal_06,nominal,M5,0.9622347731393107,0.03776522686068928,10
nominal_07,nominal,M1,0.9593023333146703,0.0406976666853297,10
nominal_07,nominal,M2,0.9602721964729267,0.03972780352707328,10
nominal_07,nominal,M3,0.9622195579256091,0.03778044207439091,10
nominal_07,nominal,M4,0.9630546952484452,0.036945304751554775,10
nominal_07,nominal,M5,0.9627467678462387,0.037253232153761306,10
nominal_08,nominal,M1,0.9603381019485339,0.03966189805146614,10
nominal_08,nominal,M2,0.9612722099313632,0.0387277900686368,10
nominal_08,nominal,M3,0.9631160178288287,0.03688398217117128,10
nominal_08,nominal,M4,0.9639294090578118,0.03607059094218823,10
nominal_08,nominal,M5,0.963634350919177,0.03636564908082296,10
nominal_09,nominal,M1,0.95761444037477,0.04238555962523005,10
nominal_09,nominal,M2,0.9586641101823369,0.04133588981766312,10
nominal_09,nominal,M3,0.9607950722148035,0.039204927785196464,10
nominal_09,nominal,M4,0.9616762332653546,0.03832376673464544,10
nominal_09,nominal,M5,0.9613452041355417,0.0386547958644583,10
heavy_00,heavy,M1,0.96461507636697,0.03538492363303003,10
heavy_00,heavy,M2,0.9664845063264725,0.03351549367352746,10
heavy_00,heavy,M3,0.9668454501884248,0.033154549811575174,10
heavy_00,heavy,M4,0.9685321982202368,0.03146780177976316,10
heavy_00,heavy,M5,0.9683069158343848,0.031693084165615226,10
heavy_01,heavy,M1,0.9630189958168648,0.03698100418313521,10
heavy_01,heavy,M2,0.9650713263358023,0.03492867366419772,10
heavy_01,heavy,M3,0.9654650201731692,0.03453497982683085,10
heavy_01,heavy,M4,0.9672902266366008,0.0327097733633992,10
heavy_01,heavy,M5,0.9670472297711667,0.03295277022883325,10
heavy_02,heavy,M1,0.9632157912881831,0.03678420871181687,10
heavy_02,heavy,M2,0.9651298667075219,0.03487013329247812,10
heavy_02,heavy,M3,0.9655627730266373,0.03443722697336271,10
heavy_02,heavy,M4,0.9672777889545925,0.03272221104540751,10
heavy_02,heavy,M5,0.967041937782767,0.032958062217232964,10
heavy_03,heavy,M1,0.9627012297658664,0.03729877023413364,10
heavy_03,heavy,M2,0.9647653737943651,0.03523462620563489,10
heavy_03,heavy,M3,0.9651757102360284,0.03482428976397156,10
heavy_03,heavy,M4,0.9670082594858566,0.03299174051414344,10
heavy_03,heavy,M5,0.9667627550724662,0.03323724492753377,10
heavy_04,heavy,M1,0.9628517487539249,0.037148251246075126,10
heavy_04,heavy,M2,0.9649129169217977,0.0350870830782023,10
heavy_04,heavy,M3,0.9653150151214618,0.034684984878538216,10
heavy_04,heavy,M4,0.9671465768210431,0.0328534231789569,10
heavy_04,heavy,M5,0.9669020371247039,0.033097962875296094,10
heavy_05,heavy,M1,0.9627629084047762,0.037237091595223815,10
heavy_05,heavy,M2,0.964695865442614,0.03530413455738601,10
heavy_05,heavy,M3,0.9651532731140413,0.03484672688595869,10
heavy_05,heavy,M4,0.9668818162134166,0.03311818378658338,10
heavy_05,heavy,M5,0.9666419659929457,0.03335803400705428,10
heavy_06,heavy,M1,0.9634420702364864,0.036557929763513575,10
heavy_06,heavy,M2,0.965488410738666,0.03451158926133402,10
heavy_06,heavy,M3,0.9658555059463778,0.03414449405362219,10
heavy_06,heavy,M4,0.967677755377395,0.03232224462260502,10
heavy_06,heavy,M5,0.9674378893642519,0.0325621106357481,10
heavy_07,heavy,M1,0.9639120465089523,0.03608795349104765,10
heavy_07,heavy,M2,0.9658100393454181,0.03418996065458191,10
heavy_07,heavy,M3,0.9662045153850543,0.03379548461494575,10
heavy_07,heavy,M4,0.9679110225352867,0.032088977464713286,10
heavy_07,heavy,M5,0.9676801182932017,0.03231988170679834,10
heavy_08,heavy,M1,0.9618488984107506,0.03815110158924939,10
heavy_08,heavy,M2,0.964008773026587,0.03599122697341295,10
heavy_08,heavy,M3,0.9644427375110377,0.03555726248896229,10
heavy_08,heavy,M4,0.9663451203625187,0.03365487963748126,10
heavy_08,heavy,M5,0.9660900354175929,0.03390996458240714,10
heavy_09,heavy,M1,0.9633678911858735,0.036632108814126485,10
heavy_09,heavy,M2,0.9653762370946339,0.03462376290536606,10
heavy_09,heavy,M3,0.9657634130165126,0.034236586983487416,10
heavy_09,heavy,M4,0.96755571210456,0.03244428789543996,10
heavy_09,heavy,M5,0.9673167689758556,0.03268323102414439,10
handling_00,handling,M1,0.9570022017342436,0.04299779826575645,10
handling_00,handling,M2,0.9532369651412487,0.04676303485875133,10
handling_00,handling,M3,0.9601026363626892,0.03989736363731078,10
handling_00,handling,M4,0.9569116971466196,0.04308830285338039,10
handling_00,handling,M5,0.9564950460168818,0.043504953983118155,10
handling_01,handling,M1,0.9583041280732595,0.04169587192674051,10
handling_01,handling,M2,0.9552745756030966,0.04472542439690341,10
handling_01,handling,M3,0.961092528432502,0.038907471567497964,10
handling_01,handling,M4,0.9584209497500635,0.04157905024993647,10
handling_01,handling,M5,0.958060072973942,0.04193992702605798,10
handling_02,handling,M1,0.956220385572466,0.043779614427533975,10
handling_02,handling,M2,0.9526839839772908,0.047316016022709184,10
handling_02,handling,M3,0.9593475021319668,0.040652497868033155,10
handling_02,handling,M4,0.9563441491192529,0.04365585088074708,10
handling_02,handling,M5,0.9559304629420778,0.04406953705792216,10
handling_03,handling,M1,0.9571839669831445,0.04281603301685555,10
handling_03,handling,M2,0.953895799577365,0.04610420042263497,10
handling_03,handling,M3,0.9601507626730148,0.0398492373269852,10
handling_03,handling,M4,0.9572994542529022,0.04270054574709781,10
handling_03,handling,M5,0.9569114818598988,0.04308851814010117,10
handling_04,handling,M1,0.9596416915854818,0.04035830841451815,10
handling_04,handling,M2,0.9567230659302691,0.04327693406973088,10
handling_04,handling,M3,0.9622766520218159,0.03772334797818411,10
handling_04,handling,M4,0.959664176221751,0.04033582377824896,10
handling_04,handling,M5,0.9593243183639093,0.0406756816360907,10
handling_05,handling,M1,0.9578305013617447,0.042169498638255254,10
handling_05,handling,M2,0.9546787257500804,0.04532127424991961,10
handling_05,handling,M3,0.960697868470379,0.03930213152962103,10
handling_05,handling,M4,0.9579363719058003,0.04206362809419972,10
handling_05,handling,M5,0.957563517347748,0.04243648265225197,10
handling_06,handling,M1,0.9571544537269357,0.04284554627306425,10
handling_06,handling,M2,0.9537571882076881,0.04624281179231193,10
handling_06,handling,M3,0.9601521943121242,0.039847805687875826,10
handling_06,handling,M4,0.9572185265117772,0.04278147348822281,10
handling_06,handling,M5,0.9568242110852447,0.043175788914755264,10
handling_07,handling,M1,0.9576819969305199,0.04231800306948008,10
handling_07,handling,M2,0.9542001401574324,0.045799859842567625,10
handling_07,handling,M3,0.9606477429961928,0.03935225700380718,10
handling_07,handling,M4,0.9576380432031564,0.042361956796843625,10
handling_07,handling,M5,0.9572453782060553,0.042754621793944736,10
handling_08,handling,M1,0.9589738336328192,0.041026166367180816,10
handling_08,handling,M2,0.9559572519326432,0.04404274806735675,10
handling_08,handling,M3,0.9616955343632777,0.038304465636722296,10
handling_08,handling,M4,0.9590196848711598,0.04098031512884015,10
handling_08,handling,M5,0.95866713457919,0.04133286542081005,10
handling_09,handling,M1,0.9579687166724907,0.04203128332750927,10
handling_09,handling,M2,0.954823460668715,0.04517653933128496,10
handling_09,handling,M3,0.9608208717253887,0.03917912827461134,10
handling_09,handling,M4,0.9580616023291136,0.04193839767088636,10
handling_09,handling,M5,0.9576907061805889,0.042309293819411065,10
