seed,coverage,episode_duration,noise,method,tracking,feasible,rho,steering_rms,peak_rate,worst_family,beta_prediction,yaw_prediction,parameter_relative_error
31,broad,2,clean,Family,0.0074692882595268194,1.0,0.9680214651398245,0.8057442157300435,1.1591424129078516,0.0080970095270768,0.036051658953975586,0.13886131646653813,0.02418982118972798
31,broad,2,clean,Global,0.012709316726297815,1.0,0.9659812528969844,0.8057799779723006,1.1578293992243158,0.015520221730066584,0.13230984430617085,0.4180832679140441,0.08089086318095377
31,broad,2,clean,Local,0.006654470762686334,1.0,0.968268335263432,0.8057433646956264,1.159377292645393,0.006876335457389777,0.018268272267455667,0.045622730874298294,0.0026474133268533768
31,broad,2,noisy,Family,0.007467586828411123,1.0,0.9680023017624816,0.80574374351263,1.1591310952424287,0.008085477400308494,0.03619698528747967,0.13880101759242727,0.024365575982471206
31,broad,2,noisy,Global,0.012705543351599388,1.0,0.9659822846682048,0.8057797086094071,1.1578257275671036,0.01551853831014333,0.13225909152295956,0.41822070510672543,0.0811285180582281
31,broad,2,noisy,Local,0.006656718312348786,1.0,0.968233794227902,0.8057429938663715,1.1593407966849727,0.006870168065957837,0.018579545771655333,0.04548781886775088,0.00789249216096401
31,broad,8,clean,Family,0.007468689071096831,1.0,0.9680207805534876,0.8057442408703273,1.159140068437268,0.008095460629478914,0.035978246915675006,0.13882252923078542,0.02423837560991771
31,broad,8,clean,Global,0.012840063815111118,1.0,0.9658961389378355,0.8057954109597917,1.1578647543080034,0.015925079118192485,0.1331109987166046,0.42043042121691937,0.08312041524509632
31,broad,8,clean,Local,0.006646155551188638,1.0,0.9682746919544198,0.805742103250687,1.1593738547242023,0.006871136742129357,0.01764325472328235,0.04602096473521772,0.0032512402271933334
31,broad,8,noisy,Family,0.007467779801740871,1.0,0.9680193052054626,0.8057441283925562,1.1591369503963092,0.00809373439814739,0.03596806933959086,0.13881708754105707,0.024240251968411928
31,broad,8,noisy,Global,0.012838860479284954,1.0,0.9658970780192092,0.8057953054526343,1.157863509710282,0.015924581419549205,0.1330840049105177,0.4204965120214056,0.08306585200655862
31,broad,8,noisy,Local,0.006646455776389162,1.0,0.9682678479541424,0.8057420390458115,1.1593865877638112,0.006871141196759327,0.017658360393298333,0.04585094033128393,0.004250483973369644
31,restricted,2,clean,Family,0.0074622215273913535,1.0,0.9679651834415492,0.8057380779286534,1.159071412764535,0.007989555500524513,0.03634561188301222,0.14062681369195226,0.024477528567130365
31,restricted,2,clean,Global,0.012573296484649313,1.0,0.9660776474925836,0.8057631077977466,1.1577902836020202,0.015086274621838248,0.13138509248975805,0.4157306069004585,0.0777652474725879
31,restricted,2,clean,Local,0.006660295673714789,1.0,0.9682645647652728,0.8057442143849671,1.1593844093862455,0.006880135803940807,0.018749282347631305,0.04556083373692555,0.0021140338731138
31,restricted,2,noisy,Family,0.007465239785560463,1.0,0.9679445519968228,0.8057383996066044,1.159067364075386,0.00798635157269767,0.036647491774626034,0.14069370762955763,0.024740497132661684
31,restricted,2,noisy,Global,0.012577531004980165,1.0,0.9660734277183014,0.8057637449247844,1.1577905432799178,0.0151043041592859,0.13141232628734248,0.41586780388974426,0.07805669242394088
31,restricted,2,noisy,Local,0.006664188806039966,1.0,0.9682265817327772,0.8057436579196969,1.1593319553704815,0.006878827618726336,0.01928131427945209,0.047489306697250544,0.00857325269042135
31,restricted,8,clean,Family,0.0074624339350857615,1.0,0.96796179414005,0.805737814213163,1.1590646038733865,0.007982823974573916,0.03628706412912953,0.1407605745802963,0.02459324298119371
31,restricted,8,clean,Global,0.012653985322423624,1.0,0.9660233498267904,0.8057732580339556,1.1578106921177589,0.015356331401350313,0.13183682314266584,0.4175085229375526,0.07894620453408334
31,restricted,8,clean,Local,0.006655338699492165,1.0,0.9682682947078852,0.805743480391045,1.1593834296365726,0.006876725447374457,0.018357993897039314,0.04565575562894852,0.0025226728808640836
31,restricted,8,noisy,Family,0.007461438045878683,1.0,0.9679594388975928,0.8057374630587837,1.1590598720042724,0.007978013024154377,0.03630168816259362,0.1408886399129593,0.024613209191411346
31,restricted,8,noisy,Global,0.012650865935385185,1.0,0.9660251645451784,0.8057729207665496,1.1578091802554034,0.01534891765823736,0.1318099210344864,0.417502779623816,0.07894805472045732
31,restricted,8,noisy,Local,0.006657323354133303,1.0,0.9682651375387848,0.8057437420256622,1.1594072981935435,0.00688623716607763,0.018443187225352937,0.045851584953570876,0.004429615636979117
32,broad,2,clean,Family,0.007469628601815496,1.0,0.9690578557361654,0.8085451754419322,1.1267682805769312,0.00827662411702103,0.0399971992870025,0.15580646836651174,0.02624366109130596
32,broad,2,clean,Global,0.0121825900022261,1.0,0.9672783890329428,0.8085812172421977,1.1260945322332128,0.015374254483491672,0.12718678387143156,0.377625554406653,0.08019635348285165
32,broad,2,clean,Local,0.0066547663951845625,1.0,0.969254466433072,0.8085443831473056,1.1269350080133391,0.006732670017167273,0.018321409343933448,0.0459742020454074,0.00263249692358811
32,broad,2,noisy,Family,0.007483009574684402,1.0,0.9690536733818886,0.8085475168725943,1.1267716863009691,0.008283281430403817,0.04051370967819125,0.15520816790599645,0.026229708531853593
32,broad,2,noisy,Global,0.012205734548095874,1.0,0.9672648992251828,0.8085840476039539,1.1260979345062694,0.015439326304394542,0.12745017107655204,0.3778597790175252,0.08032927037817011
32,broad,2,noisy,Local,0.006672334315805073,1.0,0.9692675554193448,0.8085468527041142,1.1269238573040576,0.0067452352117244865,0.019454755283335165,0.04531214515342669,0.0068704164474156
32,broad,8,clean,Family,0.007474564768274216,1.0,0.9690439567348368,0.8085459609833694,1.126767281182801,0.008299988602732674,0.04005854562890864,0.15558782119062792,0.026350787226866783
32,broad,8,clean,Global,0.012296585143765387,1.0,0.9672066294619076,0.808595958010477,1.1261095314067413,0.015740262220413182,0.12825983361669444,0.37996538876062025,0.08216039314643277
32,broad,8,clean,Local,0.006646316772336912,1.0,0.969260354677505,0.8085430934680434,1.126933755033902,0.006727438044180587,0.017688263736324514,0.04637136888463996,0.00323932991676602
32,broad,8,noisy,Family,0.00747782368662108,1.0,0.96904082710482,0.8085464157523117,1.126767171237148,0.00830560215431996,0.04019864017099543,0.1555039410916708,0.026340118094404487
32,broad,8,noisy,Global,0.012301644388632063,1.0,0.9672036091094456,0.8085965323978458,1.1261101780276614,0.015752410641269362,0.1283316149105001,0.3799641268130644,0.08223460534087701
32,broad,8,noisy,Local,0.006650551405587161,1.0,0.969270567721156,0.8085436739276592,1.1269399107916267,0.006727359907833633,0.018042611698650644,0.046445784331242676,0.004140487903026697
32,restricted,2,clean,Family,0.007361080692852661,1.0,0.9691776872002354,0.8085223742958697,1.1267452858651137,0.008085110223484416,0.03751390997746744,0.16034530424693394,0.026447936828495746
32,restricted,2,clean,Global,0.011960399186611764,1.0,0.9674222319543628,0.8085509684711677,1.1260619755121375,0.014650081844099423,0.12486025324066653,0.3748351507338782,0.0775515173576353
32,restricted,2,clean,Local,0.0066605853115643794,1.0,0.969246922302426,0.8085452501606039,1.126935689677134,0.006736572816938327,0.018795370212771806,0.04593086509106266,0.0021077582713623765
32,restricted,2,noisy,Family,0.007370037246721408,1.0,0.9691721479056512,0.80852393833931,1.126743707343739,0.00809450390829599,0.037852530178032966,0.1595603782665685,0.026422043469844652
32,restricted,2,noisy,Global,0.011975277020560712,1.0,0.96741304405731,0.8085530201727329,1.126064515268381,0.014697925961681508,0.1250166046367706,0.3749463042492452,0.07755965821312348
32,restricted,2,noisy,Local,0.006687090166319156,1.0,0.9693066983829552,0.8085487015261532,1.1269226138083983,0.006749785347147256,0.020198072813022307,0.044381857007312925,0.007551931770256923
32,restricted,8,clean,Family,0.007353261163508485,1.0,0.9691880338079456,0.8085204995206124,1.1267438888358103,0.00807076187255421,0.03734651551917005,0.1606882167951568,0.026520379933114634
32,restricted,8,clean,Global,0.012033204095104543,1.0,0.9673709947851744,0.808561524956468,1.1260722642711425,0.014904276316715754,0.12563877639186333,0.37561352801658815,0.07889888607327927
32,restricted,8,clean,Local,0.0066555750607406265,1.0,0.9692486018799896,0.8085445094316444,1.1269348384597186,0.0067332067491937325,0.018399189199561964,0.04603407653227812,0.0025162994154036902
32,restricted,8,noisy,Family,0.007355548139838817,1.0,0.9691829547443708,0.8085205585537265,1.1267419070939706,0.008079558637266636,0.03744423994933271,0.16067912460061254,0.02649684802769883
32,restricted,8,noisy,Global,0.012035896071314974,1.0,0.9673693755828036,0.8085618215946754,1.1260726158915608,0.01490963751287658,0.12568576119827493,0.37559572623520276,0.07892041814015636
32,restricted,8,noisy,Local,0.006661139888246508,1.0,0.9692828354665914,0.8085451529155676,1.1269395142830063,0.006728957438819457,0.018721510258107615,0.045823995422416004,0.00411699206897688
33,broad,2,clean,Family,0.007339960721989209,1.0,0.9677382689974272,0.8109922081394861,1.1451033840882063,0.007470055763771983,0.03193110780533986,0.1259359610922618,0.02226358623035098
33,broad,2,clean,Global,0.011035210727121759,1.0,0.966440653434252,0.8110220863514477,1.144480487676692,0.011394595653752138,0.11627552481080375,0.3141619488211896,0.07897066557854511
33,broad,2,clean,Local,0.006680179156764505,1.0,0.96795833837346,0.8109915563408961,1.1454567028526514,0.006933812587779073,0.017888707950108204,0.04647142599354259,0.0026643517728851835
33,broad,2,noisy,Family,0.007338488622788756,1.0,0.9677315069645068,0.8109923189694611,1.145103442510066,0.007473728417381514,0.031815832597613336,0.12563052692294394,0.022528849561377597
33,broad,2,noisy,Global,0.011033477417460543,1.0,0.966440282570082,0.811022041749762,1.144479691850704,0.01139834938372546,0.11623006322200642,0.31426384709651795,0.07921933877701134
33,broad,2,noisy,Local,0.006682816454596689,1.0,0.9679649446102372,0.810991768122693,1.1454457003218343,0.006947510829581257,0.018045878968073317,0.046057174530146835,0.007587467410460973
33,broad,8,clean,Family,0.0073377057141492215,1.0,0.96774079326243,0.8109919486366443,1.1451029133052857,0.007467830346771864,0.03181522674356852,0.12582366640579043,0.0223292873906954
33,broad,8,clean,Global,0.011101701259510814,1.0,0.966398134494965,0.8110305814813453,1.144489143426491,0.011582942335922419,0.1167987847927302,0.31515237049493794,0.07983527371882407
33,broad,8,clean,Local,0.0066720301417657795,1.0,0.9679648774928388,0.8109902923934859,1.1454555092784218,0.006922599838795527,0.017283683017581486,0.04679876283278629,0.0032701752890545205
33,broad,8,noisy,Family,0.00733701695532169,1.0,0.9677460245438628,0.8109918348971515,1.1451028687400688,0.007472625233360917,0.03193441603913646,0.12607689997314123,0.022500639550320514
33,broad,8,noisy,Global,0.011097965083991919,1.0,0.9663989482868822,0.8110301303763274,1.1444880090404757,0.011572295594187891,0.11680556125897786,0.31502451819339305,0.08008997121767697
33,broad,8,noisy,Local,0.006672039203798277,1.0,0.9679665436697976,0.8109902455494836,1.1454456679326557,0.006913961101664647,0.017432654002333337,0.04762055879923945,0.0043466733223029436
33,restricted,2,clean,Family,0.007455033494144588,1.0,0.9678485984670178,0.8110046567184861,1.1451341137872737,0.007599487816281627,0.035207757253751984,0.13214189600108667,0.023154860282461706
33,restricted,2,clean,Global,0.011102319349613872,1.0,0.9664039982687102,0.8110303948453969,1.1444918344667725,0.01157423161660107,0.11674372775427061,0.3152022077139053,0.07871472115457437
33,restricted,2,clean,Local,0.00668589592352412,1.0,0.967959536492932,0.8109924011906435,1.1454573147299876,0.0069406337775027365,0.018359816466106155,0.046440637097844954,0.00212639886490442
33,restricted,2,noisy,Family,0.007451993270079228,1.0,0.9678515858512724,0.8110047033011885,1.1451371770249692,0.007620793350494977,0.035302059964641426,0.13169176554986886,0.023396100289705984
33,restricted,2,noisy,Global,0.011098194276563113,1.0,0.9664046225551106,0.811029980846944,1.1444904816731802,0.011567259017507204,0.11672012618152972,0.3151565103493589,0.0790020939515046
33,restricted,2,noisy,Local,0.006696674087229696,1.0,0.9679649889909204,0.810993360383134,1.1454537781903715,0.0069742529378836,0.018993400511141782,0.04642376181638258,0.0075350550737358305
33,restricted,8,clean,Family,0.00745239460051479,1.0,0.9678644789859648,0.811003428069161,1.1451328220892745,0.007592278990718559,0.03502284013445743,0.13310979117773655,0.02317571513024132
33,restricted,8,clean,Global,0.011154645579625878,1.0,0.9663719025752484,0.8110369910024011,1.1444987322057618,0.011726012389367347,0.11709475636777142,0.31615474278227973,0.07924488100391656
33,restricted,8,clean,Local,0.006681053977625563,1.0,0.9679656938895894,0.810991666831464,1.1454564793704205,0.006934137242905237,0.017982602039311527,0.04649572210771736,0.0025334514423037235
33,restricted,8,noisy,Family,0.007456065252938513,1.0,0.9678705703950622,0.8110035964860166,1.1451333629488,0.007598881308652577,0.03529525906454297,0.13349580370341183,0.023389980539955373
33,restricted,8,noisy,Global,0.011153575775721928,1.0,0.9663713452855552,0.8110368680594578,1.1444980960809106,0.011722403504727471,0.1171195737229248,0.31606589685905156,0.07944248681121137
33,restricted,8,noisy,Local,0.006680471305227444,1.0,0.967969631265699,0.8109915289712433,1.145446684840829,0.006919724858329501,0.01799555881817397,0.04737488832652388,0.004201655382157763
34,broad,2,clean,Family,0.007585991042066788,1.0,0.968306590357723,0.8081333257804062,1.1364031354130697,0.0077892898992342465,0.037197995314311755,0.15647797236937844,0.028118768218208932
34,broad,2,clean,Global,0.011483169617819845,1.0,0.9666024190079034,0.8081629108789077,1.1357682324915994,0.01429388975517953,0.11242122737153129,0.34905086631796073,0.07646848831021846
34,broad,2,clean,Local,0.006674602616265947,1.0,0.968441422511698,0.8081321666703467,1.1366258642648617,0.006744804070744121,0.01802958020738107,0.04609606885839672,0.00265943885377402
34,broad,2,noisy,Family,0.007580778464062813,1.0,0.9683250350553384,0.8081326723786797,1.136405772012035,0.007783506772339429,0.03698392452959014,0.15648650256775476,0.028171811260485177
34,broad,2,noisy,Global,0.011479173638470185,1.0,0.9666060425087568,0.8081623726671203,1.135767946684968,0.014282392379399973,0.11236900611130489,0.34905332100805486,0.07626592463675617
34,broad,2,noisy,Local,0.006673127455817882,1.0,0.9684389412381824,0.8081317375097357,1.1366445809071193,0.00674520274659354,0.01775111447801293,0.04723318378322518,0.007305262144839196
34,broad,8,clean,Family,0.007587358092880535,1.0,0.9683011391402516,0.8081336697014015,1.136402813771526,0.007797679105792986,0.03721697427298313,0.15638138564285037,0.028213410389365902
34,broad,8,clean,Global,0.011568217349146849,1.0,0.9665438040047504,0.8081745531054646,1.1357811513424731,0.01458281570794023,0.11302717174714198,0.35057949211485634,0.07763808729366997
34,broad,8,clean,Local,0.006666408962303959,1.0,0.9684478804855868,0.8081309087723211,1.1366246123707886,0.006733374035112513,0.017417489030950344,0.04644981474448831,0.0032648787697853
34,broad,8,noisy,Family,0.007582701713924209,1.0,0.9683071972430554,0.8081327795125205,1.1364003396513558,0.007786909814018933,0.037125650203075906,0.15638924008890268,0.028241528226883937
34,broad,8,noisy,Global,0.011561115807559861,1.0,0.9665484385623576,0.8081737003970828,1.135780118394604,0.01456471960046848,0.11295074567792333,0.35057141211921894,0.07758056738510308
34,broad,8,noisy,Local,0.006661842506295322,1.0,0.9684628476097912,0.8081300414085107,1.1366337801094233,0.006723058040732043,0.017032793744106423,0.046589491676385486,0.00452402590408979
34,restricted,2,clean,Family,0.007625863972051605,1.0,0.9682815805298288,0.8081322667706656,1.136356421284704,0.007836963580752636,0.03916709637966233,0.15741084360591312,0.02837330143150186
34,restricted,2,clean,Global,0.011415440629384273,1.0,0.966655645120397,0.8081529620284329,1.1357589675094135,0.014048873044670524,0.11190087214481358,0.3480306188718999,0.07487037790053977
34,restricted,2,clean,Local,0.006680400542927208,1.0,0.9684335078656764,0.8081330226486325,1.1366277428806348,0.00675221388914224,0.018506050276483388,0.04604925012040912,0.0021277235476469367
34,restricted,2,noisy,Family,0.007614584147703314,1.0,0.9683079088703752,0.808130385494078,1.1363576465872725,0.007790123083118347,0.038841164160989775,0.1575029120053429,0.02839255156464711
34,restricted,2,noisy,Global,0.011402478475649996,1.0,0.9666646673505284,0.8081511716256014,1.135756841330237,0.014007555523422751,0.11179999465483663,0.3479203001565678,0.07479812998413546
34,restricted,2,noisy,Local,0.0066822748607023455,1.0,0.9684723831913328,0.8081327932521701,1.1366563145925932,0.00675228183304655,0.01809466814097119,0.04733629110999903,0.008440965952869982
34,restricted,8,clean,Family,0.007632706790299099,1.0,0.968270313622529,0.8081332255862343,1.1363562468552133,0.007856363009870377,0.03922599415688952,0.15746373461936747,0.028427392013598184
34,restricted,8,clean,Global,0.011470709788676599,1.0,0.9666149495672728,0.808160995652434,1.1357675171022368,0.014246990887565777,0.11228775843466887,0.3488875318827404,0.07564834820545056
34,restricted,8,clean,Local,0.0066755501857622,1.0,0.968435317072354,0.8081322964157057,1.136627361048446,0.00674569804136249,0.018125712918668095,0.04611897837749363,0.0025356033527731397
34,restricted,8,noisy,Family,0.007628369429413437,1.0,0.968275908723584,0.8081320142335193,1.136352888133492,0.007845922646886994,0.03915720551012519,0.1575285672788777,0.028469803890803818
34,restricted,8,noisy,Global,0.011461172829651749,1.0,0.9666213970366784,0.8081598059197114,1.1357661029750667,0.014221926840950862,0.11219103290951209,0.3488742773290147,0.07558923165020118
34,restricted,8,noisy,Local,0.006668576207852729,1.0,0.968449694069478,0.808130889050655,1.1366419662138267,0.00672974666257706,0.017447554431427387,0.04624385120902428,0.0045817522570708496
35,broad,2,clean,Family,0.0073906651727186756,1.0,0.9685274814530574,0.810846051738601,1.1355943904315542,0.007798502935140337,0.041138084502636244,0.13411120643697683,0.027337005827140774
35,broad,2,clean,Global,0.01234922234384256,1.0,0.9668471122210583,0.8108825039040781,1.134884863544939,0.014049681418143964,0.13095484030740298,0.38866317229105696,0.08480479705983654
35,broad,2,clean,Local,0.006669369363057781,1.0,0.9691929529391092,0.8108447082132303,1.135792869755162,0.00682774792178558,0.01821211273900872,0.04618122976015627,0.00263854782920469
35,broad,2,noisy,Family,0.007400911953424037,1.0,0.9685288244530392,0.810848220221997,1.1355996465728857,0.007797001896818956,0.04121935209911934,0.13360617749605666,0.02749981699551697
35,broad,2,noisy,Global,0.012366197616089241,1.0,0.9668374775924669,0.8108846539594299,1.1348873229003382,0.014105061672183807,0.13103498535771643,0.3890780711489606,0.08485629861173652
35,broad,2,noisy,Local,0.006683025071306663,1.0,0.9691610709848992,0.8108470151588053,1.1358256314307038,0.00684762809657294,0.01898008261986397,0.04419078760664918,0.008438475094522653
35,broad,8,clean,Family,0.007391086474607655,1.0,0.968523595160272,0.8108461839024454,1.1355931795948642,0.007803968276109403,0.04112535369566207,0.1339269263751634,0.02739859753005436
35,broad,8,clean,Global,0.012457568393612672,1.0,0.96678022546696,0.8108957371900567,1.1348980060202938,0.014370783106766833,0.13176448008937344,0.3904576961160569,0.08645143444933315
35,broad,8,clean,Local,0.006660979009766301,1.0,0.9691987311291772,0.8108434189777403,1.1357915891689871,0.006822605876819114,0.017585600638642448,0.04656407885971318,0.0032446249301245136
35,broad,8,noisy,Family,0.007390424039726883,1.0,0.9685224931000164,0.8108460621646324,1.1355918859401082,0.00780579576402933,0.04108779954436767,0.1336480060324116,0.027531422773359664
35,broad,8,noisy,Global,0.01245816346142289,1.0,0.9667801640728187,0.810895881673025,1.134898179957037,0.014378131515796774,0.13172614496228435,0.3906366196508726,0.08639238597109283
35,broad,8,noisy,Local,0.006661477460662805,1.0,0.969182216670914,0.8108433165078023,1.1357827067067856,0.006816097252637537,0.017539587317727333,0.04573691300163367,0.004122727893130013
35,restricted,2,clean,Family,0.0074252371048289054,1.0,0.968627183794246,0.8108494591329688,1.1356026040964975,0.0076491804271623266,0.04113452057493177,0.13365254797559067,0.027459490321187146
35,restricted,2,clean,Global,0.012316639361450868,1.0,0.9668750158631266,0.8108781236105086,1.1348835220611604,0.013945197947882427,0.13060536767045255,0.3883133879911759,0.0829950527604279
35,restricted,2,clean,Local,0.006675184554157337,1.0,0.9691894984554992,0.810845566140541,1.135792056743603,0.006831591683579967,0.018687934395292004,0.04611852987569293,0.0021125018739537134
35,restricted,2,noisy,Family,0.007434408793354037,1.0,0.9686336866222256,0.8108509103689204,1.1356076390550591,0.0076397571871193734,0.041268540092289495,0.13341552206738852,0.02759752900544981
35,restricted,2,noisy,Global,0.01232337872339467,1.0,0.9668704859320206,0.8108790381380481,1.1348842824623693,0.013969221061716598,0.130639539197415,0.3884854334188696,0.08312378083819852
35,restricted,2,noisy,Local,0.006691548461898462,1.0,0.969147358573812,0.8108479811365837,1.1358256213671107,0.006849648921800297,0.019159048643315694,0.044019661549652256,0.008234912105880104
35,restricted,8,clean,Family,0.007419913546510741,1.0,0.96862737861778,0.8108486533259367,1.1356016276883152,0.007648836990893303,0.04093955041602416,0.13372500793676378,0.027430991652811137
35,restricted,8,clean,Global,0.012393120746943197,1.0,0.9668271875873572,0.810887733951701,1.134892908901528,0.014181873143538233,0.13113044033266993,0.38970247232185823,0.0840326787634115
35,restricted,8,clean,Local,0.006670217618120874,1.0,0.969192906395351,0.810844821866855,1.135790546805722,0.006828288267754417,0.018297622206016807,0.04620127839852025,0.0025210684498212332
35,restricted,8,noisy,Family,0.007416961833281119,1.0,0.968625557846231,0.810848018250007,1.1355979875732205,0.007651813005526836,0.04088340536063896,0.13346714895618503,0.027531569597891513
35,restricted,8,noisy,Global,0.0123892409321952,1.0,0.9668296321048004,0.8108873602368324,1.1348924764749038,0.014177017939454476,0.13105989313213906,0.38980817093337544,0.08396328838738124
35,restricted,8,noisy,Local,0.006673765204794201,1.0,0.969172578591156,0.8108452078419867,1.1357835610409854,0.0068278145616589465,0.01832659168146941,0.0446419247005724,0.004062891219527444
36,broad,2,clean,Family,0.007403398568551828,1.0,0.968191417644219,0.8137888748527518,1.1365728381844344,0.0076431317046632636,0.03247008215490154,0.13372685951992785,0.02222406805383411
36,broad,2,clean,Global,0.010746500234059079,1.0,0.9666908623414436,0.8138180632566208,1.135992768831387,0.012895550281274006,0.10964560797087232,0.29638865016404403,0.07361832147341273
36,broad,2,clean,Local,0.006674903911216171,1.0,0.9685158096599116,0.8137881417870969,1.1368869187184274,0.006774619841571703,0.018008404200256276,0.0467597169296482,0.0026418031010137866
36,broad,2,noisy,Family,0.0074073546985711025,1.0,0.968189164786279,0.81378975670653,1.1365789822802577,0.007667968639625366,0.03259058233866942,0.13369934957167448,0.022119039252373508
36,broad,2,noisy,Global,0.01075235962629967,1.0,0.9666881101854422,0.8138186246240965,1.1359938731210852,0.012902113819601707,0.10972624957902517,0.2962610990171814,0.07347201750250772
36,broad,2,noisy,Local,0.006683377884682344,1.0,0.9685226940235786,0.8137891611424342,1.136865608904498,0.00678236950012254,0.018777471047816255,0.048169826947456564,0.008620127240321913
36,broad,8,clean,Family,0.007402304361106557,1.0,0.9681899507503796,0.8137888671060315,1.136572486784429,0.007641155332222677,0.03240652752118748,0.13338288028514173,0.022305186747771336
36,broad,8,clean,Global,0.010812932672089047,1.0,0.9666470032360815,0.8138271555341097,1.136002158771125,0.013113661219818062,0.11010645348339544,0.2976524723539534,0.0745464084639577
36,broad,8,clean,Local,0.006666603633033134,1.0,0.9685221534905863,0.8137868508420377,1.136885754189659,0.006763170508154543,0.017392038936661167,0.04709440236968538,0.0032523600375883237
36,broad,8,noisy,Family,0.007407120389900485,1.0,0.9681870009965212,0.8137895642587416,1.1365747450342305,0.00764627125995439,0.032533177528297125,0.13342161583225753,0.022304750511944377
36,broad,8,noisy,Global,0.010820092450720083,1.0,0.9666436835670628,0.8138279540551225,1.1360036188548457,0.01312848414932407,0.11017661847757405,0.2976355888250818,0.07434903253156644
36,broad,8,noisy,Local,0.006671720395342389,1.0,0.9685299619365192,0.8137875229945376,1.1368872672564112,0.006768687281661217,0.017809296124977073,0.047345173279411394,0.00407979268592343
36,restricted,2,clean,Family,0.007527684841998065,1.0,0.9681121258577088,0.8138109377038987,1.1366199879187864,0.007832895445259664,0.03531545227878389,0.12798008545069045,0.022309356646305817
36,restricted,2,clean,Global,0.010878763003416048,1.0,0.9666181388904732,0.8138349924477831,1.1360164151223708,0.013284717004109712,0.11054787738323589,0.2984861875075962,0.07279245855314312
36,restricted,2,clean,Local,0.006680702744409855,1.0,0.9685078796018952,0.8137890041708408,1.1368887426498109,0.006781862867975857,0.018480859834508763,0.04670087406702083,0.0021195426163452234
36,restricted,2,noisy,Family,0.007537667387172004,1.0,0.9681087290977168,0.8138124319217527,1.136627868031963,0.007874848301850586,0.035622724547077385,0.1277913983181338,0.022490125883750878
36,restricted,2,noisy,Global,0.010885965507881026,1.0,0.9666145066895884,0.8138358329107434,1.1360177311834188,0.01330218230669333,0.11061238821371926,0.2985301150142906,0.07271964965738688
36,restricted,2,noisy,Local,0.006689726704919522,1.0,0.968526875164946,0.8137891178154091,1.1368383182561954,0.006793809346812276,0.018961327831209913,0.04787927070207457,0.00941133480838063
36,restricted,8,clean,Family,0.007531460360199998,1.0,0.9681019234389656,0.8138115901065687,1.1366197733412335,0.007832234051379127,0.03528482258835531,0.12734936646152573,0.02232887197548341
36,restricted,8,clean,Global,0.010938294360323677,1.0,0.966581107725336,0.8138427517689233,1.136024379905889,0.013479207242499085,0.11092016405478879,0.29995020363888314,0.07347999368201588
36,restricted,8,clean,Local,0.006675822827938838,1.0,0.9685096639203304,0.8137882615471557,1.1368883748220016,0.006775367584859314,0.018100437069631825,0.046749270379273206,0.0025292172970544234
36,restricted,8,noisy,Family,0.007535863393358666,1.0,0.9680998951703028,0.813812164692942,1.1366220252366048,0.00783881279356888,0.035434142548359346,0.12741098392244812,0.022388460697929585
36,restricted,8,noisy,Global,0.010943963987761205,1.0,0.9665786691319,0.8138433503882928,1.1360255465088558,0.013489718439977415,0.11098278261047603,0.2999119842828145,0.07334099149172062
36,restricted,8,noisy,Local,0.006682025940732924,1.0,0.9685172862053684,0.813788992000682,1.136886474559373,0.00678436260416971,0.018592911133439083,0.04713597517072267,0.00385918789299181
37,broad,2,clean,Family,0.007354871997104659,1.0,0.9681698097887964,0.7982668376530522,1.136896247043904,0.0077479521331403735,0.03735992884980685,0.149326178088075,0.02553731014795407
37,broad,2,clean,Global,0.011884981307185447,1.0,0.9663795077523109,0.7982965180560555,1.13622721305645,0.014223899568430266,0.1223066434877212,0.38945308732441036,0.0758911588601705
37,broad,2,clean,Local,0.006582559601412793,1.0,0.9687706560666688,0.7982659784677949,1.1371479569434515,0.006666732104767007,0.018472234533777148,0.044975360717418915,0.00263362867642295
37,broad,2,noisy,Family,0.007343322220862942,1.0,0.9681744809475444,0.7982646224501733,1.1368885722944515,0.007751840004321437,0.03701644227299614,0.14902486463656925,0.02557547589080496
37,broad,2,noisy,Global,0.01186709012575655,1.0,0.9663912471028488,0.7982944061383594,1.1362244491765363,0.01418035417182007,0.12215367292422646,0.3894633204246578,0.07579991563569986
37,broad,2,noisy,Local,0.006574372705554526,1.0,0.9687632941754036,0.7982640366461816,1.137144286171785,0.006639360526271677,0.017833738208334747,0.045667817708954034,0.006583429197484307
37,broad,8,clean,Family,0.0073557845006739795,1.0,0.9681681119121944,0.7982671564959756,1.136895247251568,0.007753265601142353,0.03732638351277492,0.14910666071218548,0.02559620101503115
37,broad,8,clean,Global,0.011988011713356476,1.0,0.966304605597863,0.798310583718068,1.136242544216992,0.014581283795884466,0.12296784287538773,0.39052735042757486,0.07770761947183323
37,broad,8,clean,Local,0.006574098564530903,1.0,0.9687767968263477,0.7982647067548937,1.1371466362686908,0.006661223638574537,0.017835629605014263,0.045396360110708675,0.0032424886965465864
37,broad,8,noisy,Family,0.0073603882854207416,1.0,0.9681614690037242,0.7982678804846384,1.1368935003226062,0.007764708149070436,0.03736744002349145,0.14876997056995372,0.02575007874541488
37,broad,8,noisy,Global,0.011994556956532218,1.0,0.9662992670846958,0.7983115217717474,1.1362433287080398,0.01460643053537589,0.12300975325981045,0.3906362861956915,0.07796402084412235
37,broad,8,noisy,Local,0.006580004945511434,1.0,0.968769768099924,0.7982654154770416,1.1371395790057213,0.006655093418866783,0.01824329943077481,0.04436887210379397,0.0041306070778653866
37,restricted,2,clean,Family,0.0074514598096000915,1.0,0.9679622077510548,0.7982728192118929,1.136882807891497,0.007687532267582386,0.039970396110490206,0.14951510297890655,0.02666300934611776
37,restricted,2,clean,Global,0.011864440829573884,1.0,0.9664072301311546,0.7982929347235741,1.1362276684495414,0.014132836305720091,0.12209008890536684,0.38924911141384466,0.07349136743854039
37,restricted,2,clean,Local,0.006588519712608529,1.0,0.9687627758783038,0.7982668384489465,1.1371499304697594,0.006670803026078433,0.01896183449861929,0.04485514701460164,0.0021103795117007836
37,restricted,2,noisy,Family,0.0074367559308705245,1.0,0.9679726627202012,0.7982692852202676,1.136873355984296,0.0076695294841113764,0.03929006604694433,0.1498394773713052,0.02652453504188417
37,restricted,2,noisy,Global,0.011839364634297262,1.0,0.9664236598537858,0.7982898246427694,1.136223565592763,0.014064356826174632,0.12191490347305876,0.3891952403719442,0.07344709340409916
37,restricted,2,noisy,Local,0.006579755597978645,1.0,0.9687394593950702,0.7982643258334237,1.1371467440966507,0.00664730537791039,0.01817190572046577,0.046785564701688195,0.007486630303755894
37,restricted,8,clean,Family,0.007461078584561815,1.0,0.9679505135769548,0.7982735440631089,1.1368811745919063,0.007721427865975597,0.04003347034604232,0.14992770005642825,0.026696150734746012
37,restricted,8,clean,Global,0.011931059998329522,1.0,0.9663577595943535,0.7983024290979308,1.1362379118584485,0.014379611087810036,0.12244908020351887,0.38998793939883025,0.0744332999781162
37,restricted,8,clean,Local,0.006583525186651282,1.0,0.9687645189865984,0.7982661041751128,1.137149530513736,0.006667299277866237,0.018567447031284812,0.044956013959919654,0.0025211359172338465
37,restricted,8,noisy,Family,0.0074649213249403075,1.0,0.9679436160807352,0.798273848715388,1.13687877845512,0.007736101861532173,0.04009133489742322,0.14976483692496695,0.026847586327606185
37,restricted,8,noisy,Global,0.011934859186498175,1.0,0.96635445499038,0.7983030343305751,1.136238385215949,0.014396945257356353,0.12246447823992458,0.3900678950840766,0.07456812192804695
37,restricted,8,noisy,Local,0.006592795640040357,1.0,0.9687553873848485,0.7982673193769787,1.137140251992565,0.006663600394297081,0.019175155644549316,0.04356630934833423,0.00395638424058963
38,broad,2,clean,Family,0.007564676411959178,1.0,0.9681689434988688,0.8200612598893553,1.16281918218512,0.00806336062978891,0.03642629169816242,0.14271924863618612,0.024566265837139077
38,broad,2,clean,Global,0.012235823541696028,1.0,0.9665030441636012,0.8200938472719972,1.1615698165546104,0.013712508051944136,0.12148048301142704,0.38026094879834865,0.07865581901115487
38,broad,2,clean,Local,0.006717662964339662,1.0,0.9683818766148208,0.8200595561895826,1.1630786128445805,0.006858309390121131,0.01799897182759009,0.04708123371145872,0.00263991896956077
38,broad,2,noisy,Family,0.007557624987834279,1.0,0.9681602329435643,0.8200589071915205,1.1628075905232602,0.008046388867027493,0.036573680801175054,0.14360296326036562,0.024625133733753288
38,broad,2,noisy,Global,0.012222323541388705,1.0,0.9665105679274928,0.820092135905794,1.161568403778858,0.013665826224201786,0.12143641828386523,0.37958667306415256,0.0785497514658063
38,broad,2,noisy,Local,0.006714597539460249,1.0,0.9683372107287886,0.8200573268770616,1.163094974161021,0.00687666315751472,0.018140259740433953,0.05045894084439229,0.00815599803522498
38,broad,8,clean,Family,0.007562341830425929,1.0,0.9681705856967864,0.8200610172732562,1.1628163162051075,0.008060584013851504,0.036365406377786694,0.14253097721251817,0.024575270576965184
38,broad,8,clean,Global,0.012341664127558865,1.0,0.966440461836942,0.8201064603757768,1.1615975659755031,0.014021329898791107,0.12230615576129515,0.38307418566739637,0.08005928560234542
38,broad,8,clean,Local,0.00670936645448853,1.0,0.9683880596846528,0.8200582577978313,1.163075184666383,0.006846784378124763,0.01738286481099335,0.04742154771198639,0.003247480497825417
38,broad,8,noisy,Family,0.007559103825576916,1.0,0.9681703597253456,0.820060203874698,1.162811752256956,0.008054585787097007,0.03637968366397747,0.14284580965835214,0.024606340194307436
38,broad,8,noisy,Global,0.01233487958610582,1.0,0.9664433588891048,0.8201057178416719,1.1615955070148845,0.014003270930312747,0.12226763870422658,0.3828908663165543,0.08019957612533965
38,broad,8,noisy,Local,0.006705693940955342,1.0,0.9683896897931524,0.820057369785741,1.163071624542,0.00684630098033122,0.017287912019720575,0.04839726559594911,0.004092117521140201
38,restricted,2,clean,Family,0.007610102385618157,1.0,0.9682322694350846,0.8200708734188619,1.1629012897511644,0.008233330834208576,0.0361337799165372,0.1434479887518985,0.02466074060541789
38,restricted,2,clean,Global,0.012261616765612573,1.0,0.9664941024347042,0.8200966301843026,1.161578513253574,0.01377910362120905,0.12159756661913212,0.38100160339647243,0.07775183319969345
38,restricted,2,clean,Local,0.006723396138282948,1.0,0.9683827979442936,0.820060415740506,1.1630811821097715,0.00686541304822871,0.01846582125267905,0.04704855635708037,0.0021160015367576866
38,restricted,2,noisy,Family,0.007591109877262879,1.0,0.9682185754880626,0.8200671929592364,1.16287994869242,0.00818225056269755,0.03614029383817166,0.14403613140953228,0.024575540720569406
38,restricted,2,noisy,Global,0.012238556190111077,1.0,0.9665067407999262,0.8200938371876354,1.1615736583648189,0.013707730877065514,0.12146851218099394,0.3801693852488561,0.07764752944183088
38,restricted,2,noisy,Local,0.0067269859091467115,1.0,0.9683446500124564,0.8200588246900964,1.1631030996778455,0.006892627503631803,0.018665231714321044,0.05028990916114205,0.009434446287066764
38,restricted,8,clean,Family,0.007607381159779653,1.0,0.9682430469177398,0.8200703857659833,1.162899341490626,0.008233099838025816,0.0359856760519693,0.1435354660041774,0.024744300808958918
38,restricted,8,clean,Global,0.012349893590996029,1.0,0.9664420509528382,0.8201071627765232,1.161599834634465,0.014041025975146566,0.12224650721644582,0.38353966884423807,0.07889030318771963
38,restricted,8,clean,Local,0.006718488267518779,1.0,0.9683886560424584,0.8200596680366739,1.163078894006648,0.006858757179269314,0.01808211043008564,0.04710955509338093,0.00252359510249547
38,restricted,8,noisy,Family,0.007604701096744067,1.0,0.9682428610248132,0.8200698281523444,1.1628977638052604,0.008230747811699343,0.03596367181710083,0.14380233806920378,0.02473791703812526
38,restricted,8,noisy,Global,0.012346311225931736,1.0,0.9664429271367176,0.8201067995220435,1.161598705428301,0.014032019908583413,0.12223794787396057,0.3834210175081374,0.07908103507369285
38,restricted,8,noisy,Local,0.0067146865973587,1.0,0.9683877233307068,0.8200588224867109,1.163079137658764,0.006858967152132187,0.017926731286534665,0.04800092591330175,0.00393930580640318
39,broad,2,clean,Family,0.007237099760613751,1.0,0.9687205528886292,0.8082705510802102,1.1272540858227615,0.007357970337707127,0.03326781232660127,0.1352087657003173,0.024620444517057135
39,broad,2,clean,Global,0.011826161787653737,1.0,0.9671520294409298,0.8083051454333625,1.126520655565539,0.013515364237970933,0.12644470029786195,0.3619919662734252,0.07941321446846215
39,broad,2,clean,Local,0.006669075172709746,1.0,0.9691569750086898,0.8082699729100864,1.1273054545447694,0.00677036497352945,0.018299332582592132,0.04601110404259435,0.0026282652606866336
39,broad,2,noisy,Family,0.007240528705251699,1.0,0.9687465084317286,0.808271327978061,1.1272594549161652,0.007313389555107044,0.03390437669065235,0.13580337779361001,0.024719046518729016
39,broad,2,noisy,Global,0.011831650972171205,1.0,0.9671454126336336,0.8083057692474921,1.1265201906388145,0.013522260633054938,0.1266485634940668,0.3616079945229767,0.0802536651624386
39,broad,2,noisy,Local,0.0066749532853751055,1.0,0.9691791821639716,0.8082707009882787,1.1272950145731302,0.006758135521137743,0.01904383939341798,0.04808410238611011,0.00779476856832683
39,broad,8,clean,Family,0.007234952495645963,1.0,0.9687207088521246,0.808270277950733,1.1272529984305548,0.007356802367471416,0.033141226991657974,0.13505791411526655,0.024711276240701713
39,broad,8,clean,Global,0.011927491175130549,1.0,0.9670922985930678,0.808317605400059,1.1265349279553676,0.01382048808793576,0.12734990420036876,0.3644781074412067,0.08096917212980632
39,broad,8,clean,Local,0.00666055749265033,1.0,0.9691629866780654,0.8082686666171164,1.1273039358668828,0.006758537302372153,0.01766508530981287,0.046410801921187475,0.003237500669792476
39,broad,8,noisy,Family,0.0072312453925550335,1.0,0.968725586654868,0.8082695616419944,1.1272518368850677,0.007348340166507086,0.03302371116336358,0.1352597238237533,0.024769666182193954
39,broad,8,noisy,Global,0.011920504654553856,1.0,0.9670961094674672,0.808316817855624,1.12653385563899,0.01380333486619313,0.12726621548699366,0.36442359840634014,0.08093211318318029
39,broad,8,noisy,Local,0.0066571049225958405,1.0,0.9691627039879612,0.808267912215025,1.127301752381744,0.006750405550873183,0.017421165720441983,0.04680659783460844,0.00439317402430364
39,restricted,2,clean,Family,0.007250426567188786,1.0,0.968816668640064,0.8082693914368834,1.1272498975447924,0.0073864075910927635,0.03398522566868426,0.13881262873542155,0.024908736441312217
39,restricted,2,clean,Global,0.011768510422428087,1.0,0.9671919152831264,0.8082977407375946,1.126514237840792,0.013339453683979633,0.12579591101183668,0.36092838730896193,0.07758651711016815
39,restricted,2,clean,Local,0.00667493956434448,1.0,0.9691535326081602,0.8082708412079846,1.1273075883623662,0.0067776948537752865,0.018775492547053085,0.04593776258470262,0.002105803645188053
39,restricted,2,noisy,Family,0.007260429052816431,1.0,0.9688440645189637,0.8082703638982245,1.1272559530554092,0.00743410677706073,0.034908587225305286,0.1394429655505341,0.025453984167385
39,restricted,2,noisy,Global,0.0117769971357001,1.0,0.9671841759063394,0.8082987491381786,1.1265144509455889,0.013356943251751767,0.12599376833705642,0.36070381530269635,0.07817237768433856
39,restricted,2,noisy,Local,0.006669801424059858,1.0,0.96918594816728,0.8082692591257152,1.1272958078272424,0.0067521768939333895,0.018786245836587157,0.04949216744241007,0.007736602407652914
39,restricted,8,clean,Family,0.007246238790968784,1.0,0.968820924075722,0.808268282053067,1.1272471281769911,0.007388480900545326,0.03372115408558078,0.13905518463239994,0.025061105374804406
39,restricted,8,clean,Global,0.011841826708091792,1.0,0.967148020455334,0.8083070837090964,1.126524843704836,0.01357144406189268,0.12639394870060883,0.3629723480202115,0.07855010884382747
39,restricted,8,clean,Local,0.006669902037398128,1.0,0.9691570653490093,0.8082700888811442,1.1273071454360948,0.00677093095202506,0.018380444546893204,0.04603168782004849,0.00251614804456584
39,restricted,8,noisy,Family,0.007243744865627359,1.0,0.9688259016447776,0.8082675464041887,1.1272452447922146,0.007395290293429204,0.03360308376203515,0.13917437993277235,0.025222255704082708
39,restricted,8,noisy,Global,0.011835972492924488,1.0,0.9671513492584136,0.808306462315455,1.1265239711163988,0.01356046676913275,0.12629648337612476,0.3630526462224647,0.0785199769326274
39,restricted,8,noisy,Local,0.006661419625427782,1.0,0.9691643780032684,0.808268470657511,1.1273025963486871,0.0067585601961423335,0.017703365076810675,0.04667437348802474,0.00450585242714678
40,broad,2,clean,Family,0.007201602373575445,1.0,0.9676793098968124,0.8114494358767941,1.1185041580174475,0.007542979713288527,0.028680333082583213,0.1294606841387038,0.02138993358353751
40,broad,2,clean,Global,0.010805300386681134,1.0,0.9665220953436808,0.811474691826562,1.117866998419358,0.0110900183402782,0.1113539482036204,0.31669906934735503,0.0723112392489529
40,broad,2,clean,Local,0.006699306209139281,1.0,0.9679923347067004,0.8114494267356619,1.1185879921470443,0.006914398331854117,0.018140198077022572,0.04645364678088636,0.00262630795616115
40,broad,2,noisy,Family,0.007209042796696345,1.0,0.9676757113460408,0.8114505195889397,1.1185040149024263,0.007549483244463876,0.029097376525649487,0.12946994812895,0.02151644169004968
40,broad,2,noisy,Global,0.010814026707508008,1.0,0.9665165125165068,0.8114756316076188,1.11786830873863,0.011095539864208276,0.11156308828838986,0.3165538523677582,0.07240369729975969
40,broad,2,noisy,Local,0.00670947572237068,1.0,0.9680240734843616,0.8114504322468589,1.1185982335974454,0.00692142053451419,0.019169963699667544,0.047533196878023105,0.0071717989562826235
40,broad,8,clean,Family,0.00720043171945446,1.0,0.9676775205342364,0.8114493778310756,1.118502834016622,0.00754480981746448,0.028571071565474934,0.12917582746107792,0.021427795332705928
40,broad,8,clean,Global,0.010867990987488753,1.0,0.9664804515860048,0.8114832928314463,1.1178767972691763,0.01104898780809943,0.11201235996837464,0.3176943909624545,0.07317735130274064
40,broad,8,clean,Local,0.006690837094295903,1.0,0.9679988825573635,0.8114481062225946,1.118586504532204,0.0069030914202172396,0.01751370333075172,0.04681169815295057,0.00324130064711183
40,broad,8,noisy,Family,0.007203328592692779,1.0,0.9676795712699616,0.811449609149304,1.1185023031962786,0.007542262814415094,0.02873846091696845,0.1293561049967486,0.02138552366055354
40,broad,8,noisy,Global,0.010871342008832208,1.0,0.9664785198059772,0.8114835776537903,1.1178773513322977,0.011050117867404242,0.11212223204281715,0.31755950729158816,0.0731761934794157
40,broad,8,noisy,Local,0.006694316444346219,1.0,0.96802479935753,0.8114483943695243,1.1185782247401097,0.006899593577591397,0.017926555195655565,0.047855384049068604,0.0037589896181397433
40,restricted,2,clean,Family,0.007394715464493614,1.0,0.9675098741111072,0.8114802123259948,1.1185322759868632,0.00786606276283756,0.03392178127109607,0.12309417182766583,0.021648178569918023
40,restricted,2,clean,Global,0.010991510181506865,1.0,0.9664198830593068,0.811498508928293,1.1179017941734823,0.011348860034014733,0.11307825998392677,0.3195116114920969,0.07166200410382628
40,restricted,2,clean,Local,0.006705195095345497,1.0,0.967988725083077,0.8114502959814345,1.1185873054456483,0.006921404389031706,0.018617623762523676,0.04635228420254801,0.0021073828687779897
40,restricted,2,noisy,Family,0.007409807872056472,1.0,0.9675018585169568,0.8114821874327782,1.11853163337702,0.007881015181366377,0.03464336327182285,0.12273157676926909,0.021928813444726712
40,restricted,2,noisy,Global,0.01101114066415092,1.0,0.966407797805346,0.8115008284022821,1.1179047701171174,0.01139022416192204,0.11337993672289412,0.3195350391462429,0.07184875862849914
40,restricted,2,noisy,Local,0.006723728541114273,1.0,0.9680169315090692,0.8114520571587855,1.1186060788392589,0.006936641095435103,0.020024941588414526,0.04687281389394008,0.00773093401761236
40,restricted,8,clean,Family,0.007401770202382387,1.0,0.9675018642246266,0.8114810355743484,1.1185298171114095,0.007888727211538769,0.03365418120219009,0.1224149695213743,0.0215234906140324
40,restricted,8,clean,Global,0.0110388528016749,1.0,0.9663917775664754,0.811504676201023,1.1179089426453774,0.011487608166543904,0.11336428413227871,0.320581069996467,0.07201927872725698
40,restricted,8,clean,Local,0.006700216714736976,1.0,0.9679925278175282,0.8114495341902777,1.1185856670459589,0.006914966624921626,0.018231070132993934,0.04640664806293296,0.002520412308472043
40,restricted,8,noisy,Family,0.007403012394439552,1.0,0.967503152258192,0.8114811039873007,1.1185280274133698,0.007884022500917817,0.03392180991661961,0.12247115752537151,0.021630557219671945
40,restricted,8,noisy,Global,0.011041269549823419,1.0,0.9663899565500238,0.8115048792842101,1.1179092471448444,0.011486992876922253,0.11347050155129368,0.3204256169166561,0.07207585601568776
40,restricted,8,noisy,Local,0.0067025002704795035,1.0,0.9680259252849585,0.8114496658494592,1.1185784864149189,0.006906057672962634,0.01847885624479506,0.04731752137807635,0.0037882204331191136
