severity,method,client,family,tracking_rmse_deg_s,beta_rms_deg,steering_rms_deg,peak_steering_deg,peak_steering_rate_deg_s,peak_lateral_accel_mps2,peak_force_utilization,finite,feasible
near_linear,M1,nominal_00,nominal,0.018582485341101584,0.15173156986628378,0.5031164390470447,1.1265920341975255,1.009395243996054,1.579575428677103,0.18164637468255815,True,True
near_linear,M1,nominal_01,nominal,0.017268389066994128,0.16539687139222797,0.4538187053431983,1.0353959933842398,0.9328735213797111,1.5770224554551189,0.18153777381211697,True,True
near_linear,M1,nominal_02,nominal,0.016797771642935895,0.16490447728515178,0.4622220983287466,1.0507674756760659,0.9452897000664849,1.5777166764482675,0.18148891453393587,True,True
near_linear,M1,nominal_03,nominal,0.017537505268314022,0.16421668739166226,0.47845343200919194,1.0812816407064145,0.9715775082472217,1.5755153646437785,0.18140000705860299,True,True
near_linear,M1,nominal_04,nominal,0.01744693278342923,0.16725652659533202,0.4753536110287653,1.0755446111281055,0.9666825168805977,1.5746415776635998,0.18131570960205404,True,True
near_linear,M1,nominal_05,nominal,0.017258341832335093,0.1543058019697628,0.4894540517423931,1.1009983933011085,0.9873364220430715,1.5805995581541856,0.18164795251581836,True,True
near_linear,M1,nominal_06,nominal,0.01757355731820585,0.18045642839970566,0.46474915217711726,1.0560456993615157,0.9502086018333383,1.5702879870756468,0.1809332542827887,True,True
near_linear,M1,nominal_07,nominal,0.01798684799538213,0.1728773860288058,0.45647748068088306,1.0408778351885233,0.9382400138127327,1.5724152937733136,0.1812677038412389,True,True
near_linear,M1,nominal_08,nominal,0.017205820755603462,0.15440150772967245,0.48114511491929324,1.085848677036912,0.9750199919205269,1.580135493485398,0.18171121174329066,True,True
near_linear,M1,nominal_09,nominal,0.017782975388375692,0.1726083654381036,0.4563487401421575,1.040495263088835,0.9376481952057537,1.5730553652959338,0.18127148408019422,True,True
near_linear,M1,heavy_00,heavy,0.02135126121625661,0.22683481743631168,0.45172580432818893,1.0338975527786687,0.934431069177727,1.5481074282287512,0.1794087784808174,True,True
near_linear,M1,heavy_01,heavy,0.019332831221027812,0.2114453831893891,0.4753187214309826,1.0770676507201125,0.9689637436152727,1.5546070544874424,0.1797688460486316,True,True
near_linear,M1,heavy_02,heavy,0.019555170042907626,0.1978130136674646,0.464991475440127,1.057914308964654,0.9538001533286031,1.5595261576748891,0.1803596081421413,True,True
near_linear,M1,heavy_03,heavy,0.021096616059237985,0.22527781141820624,0.46225086045876124,1.0537310261033928,0.9511413023267964,1.5473961209683824,0.17939843499083302,True,True
near_linear,M1,heavy_04,heavy,0.021153028250774367,0.22256113321017015,0.4476707388529772,1.0260676923132839,0.9276019850603882,1.550673965218823,0.17958746484301444,True,True
near_linear,M1,heavy_05,heavy,0.019110616068523295,0.20227188689979542,0.4646041424792876,1.0568395192313191,0.9520824924898766,1.5592558269347034,0.1801819565762016,True,True
near_linear,M1,heavy_06,heavy,0.019301073908864055,0.215457150572451,0.4859275854825845,1.0968040921739777,0.9851295795997029,1.552522934237596,0.17953666739910357,True,True
near_linear,M1,heavy_07,heavy,0.020077057722912916,0.22104768996290214,0.4834192944410945,1.0927631737511334,0.9825943609240565,1.5488701817354038,0.1793786613415933,True,True
near_linear,M1,heavy_08,heavy,0.022332380756684606,0.24143484210384383,0.443040335563782,1.0177749017318427,0.9209325884970265,1.5433612623012762,0.1789145347004686,True,True
near_linear,M1,heavy_09,heavy,0.019560843550709375,0.2038375906810405,0.46446523676046125,1.056913735899608,0.9526986722382972,1.5576550096612256,0.18013908081488825,True,True
near_linear,M1,handling_00,handling,0.019768117226202742,0.13191621260893005,0.5228575112360417,1.161677565244318,1.037863452691304,1.5897088722173125,0.18216158261153792,True,True
near_linear,M1,handling_01,handling,0.019256391629955107,0.1356281794976322,0.5200375724335745,1.156459151156118,1.0332670856505288,1.5887073897156063,0.18205659570013202,True,True
near_linear,M1,handling_02,handling,0.019986240565940835,0.1289682634716061,0.5231125360581824,1.1621859592268988,1.0384818733501362,1.5905270911247922,0.18225923147719802,True,True
near_linear,M1,handling_03,handling,0.023589866646398967,0.12239405895358581,0.5511361768396479,1.2134939663661837,1.0817968885923985,1.5921107168973456,0.18228377413407773,True,True
near_linear,M1,handling_04,handling,0.024341815375759242,0.11104186903169912,0.5515776915870287,1.214277630144458,1.0829765645266822,1.5960080198707098,0.18266170386774033,True,True
near_linear,M1,handling_05,handling,0.021102732871939454,0.12033502149917717,0.5311206648644158,1.1766165524408698,1.0506384626573946,1.5939855812132375,0.18249734710647883,True,True
near_linear,M1,handling_06,handling,0.021002095804171166,0.13439792037021303,0.5341072313136563,1.1824875929454524,1.0553934153150648,1.5879933091303098,0.18199751560438907,True,True
near_linear,M1,handling_07,handling,0.022190050770511213,0.14060112057601926,0.5458810586520165,1.2042776867862564,1.0735896635799569,1.5849118842753303,0.1817026557534043,True,True
near_linear,M1,handling_08,handling,0.01989576057536208,0.12887335715376497,0.5204283472296622,1.1574333196590683,1.0347520847654317,1.590004889267843,0.1822808066959936,True,True
near_linear,M1,handling_09,handling,0.021369184288992777,0.1213424072399452,0.5328130710376952,1.17986971896123,1.0535168335761427,1.5931243810221718,0.1824498789638267,True,True
near_linear,M2,nominal_00,nominal,0.020085408419162797,0.1516572046879504,0.503026602860289,1.1266753643400897,1.0094028245857813,1.5785897931908688,0.1815302841536456,True,True
near_linear,M2,nominal_01,nominal,0.01714866972346419,0.16531718015270203,0.4537247805419842,1.0354252630389873,0.9328075648151738,1.5759938784486376,0.18141722392403103,True,True
near_linear,M2,nominal_02,nominal,0.01693754978668479,0.16482331864692018,0.46212496558788013,1.050801469814337,0.9452175890418894,1.5766551356664507,0.18136542865582753,True,True
near_linear,M2,nominal_03,nominal,0.018199352883800132,0.16413582975296967,0.47835606938425584,1.0813309526010397,0.9715267285046237,1.5744743051353673,0.1812772897818688,True,True
near_linear,M2,nominal_04,nominal,0.017979671188138882,0.1671734107604865,0.47525337918057636,1.07558476853813,0.9666176483434636,1.5735761510371302,0.18119039587391775,True,True
near_linear,M2,nominal_05,nominal,0.01837509867949359,0.1542296721387039,0.48936148105521726,1.1010542274343704,0.9873143233212182,1.5795776263943295,0.1815292152201948,True,True
near_linear,M2,nominal_06,nominal,0.017610679135495577,0.18036326015479603,0.46463720486061333,1.0560488382823816,0.9500882229096418,1.5691641096040738,0.18080168784704914,True,True
near_linear,M2,nominal_07,nominal,0.01786938675596833,0.1727928432127022,0.45637794253651104,1.0409124018990814,0.938156835877208,1.571360756674572,0.1811469565577001,True,True
near_linear,M2,nominal_08,nominal,0.018054587748485767,0.15432706969169477,0.48105605563348874,1.0859155411943395,0.9749967363926898,1.5791484805884732,0.18159554555799146,True,True
near_linear,M2,nominal_09,nominal,0.017660139375579108,0.17252353220564812,0.45624858261379553,1.0405235122921688,0.9375597685507615,1.5719900706526104,0.18114996160010782,True,True
near_linear,M2,heavy_00,heavy,0.01841144835581344,0.22644094795993672,0.4512015793066931,1.0330828250882254,0.9326105638913057,1.543916427681632,0.17890121615386162,True,True
near_linear,M2,heavy_01,heavy,0.01843953829276808,0.2110934133392775,0.47480710482581967,1.0763006819243197,0.9672557795789436,1.5505620588497881,0.17928712719139805,True,True
near_linear,M2,heavy_02,heavy,0.01823652181394111,0.1974978450840608,0.4645264958585539,1.0572432941002596,0.9522555890980358,1.5557447158393787,0.17990361988899348,True,True
near_linear,M2,heavy_03,heavy,0.018873523536680866,0.22488706847519288,0.4617145746541259,1.0528968495026614,0.9492927324150239,1.543225908122806,0.17889138274655658,True,True
near_linear,M2,heavy_04,heavy,0.018077493121325394,0.22218030453289395,0.44716435984899566,1.0252946288819647,0.925841531253215,1.5465179449104163,0.17909054939907257,True,True
near_linear,M2,heavy_05,heavy,0.01770836413660648,0.20194567844834926,0.4641311972770394,1.0561475177137405,0.9505001987191259,1.5553944987506598,0.17971848872242102,True,True
near_linear,M2,heavy_06,heavy,0.01907624962260651,0.21509311264489853,0.48539136931369103,1.096019529609404,0.983370000161004,1.5484161424032477,0.17905050842886663,True,True
near_linear,M2,heavy_07,heavy,0.019457847819945456,0.22066746212091054,0.4828675744954638,1.0919322579615385,0.9807454980505971,1.5447355703807573,0.17887849596322725,True,True
near_linear,M2,heavy_08,heavy,0.01845183143916411,0.2409984056058946,0.44249219949888746,1.0168882234773953,0.919005201485194,1.5389137561048216,0.17838409495952492,True,True
near_linear,M2,heavy_09,heavy,0.018078222275279533,0.20350689541686304,0.4639862590843466,1.056209464244861,0.9510974940150495,1.5537745950565216,0.17967073162356337,True,True
near_linear,M2,handling_00,handling,0.0176990961698476,0.13222721634227586,0.5236147280859742,1.1634740336008533,1.0412425063187278,1.5952296373119632,0.18282079945684243,True,True
near_linear,M2,handling_01,handling,0.01753408666907667,0.13594853744273633,0.5207953462704417,1.158257993657356,1.0366528262248058,1.5942956044482168,0.18272109917350107,True,True
near_linear,M2,handling_02,handling,0.01783502535725264,0.12927229961392198,0.523866407239174,1.1639744399027756,1.0418430233775535,1.5959986975800113,0.18291475472786284,True,True
near_linear,M2,handling_03,handling,0.01934466029644821,0.12267677780362865,0.5519198783169914,1.2153429664226383,1.0852055580017712,1.5974168700935791,0.18291460015555946,True,True
near_linear,M2,handling_04,handling,0.0200236967599203,0.11129723507104809,0.5523398820530138,1.2160775471231793,1.086349786977672,1.601225215461418,0.18327124865175423,True,True
near_linear,M2,handling_05,handling,0.017990750677517143,0.12061454772316241,0.5318621940408012,1.1783757143821971,1.0539586790973365,1.5993493300777883,0.1831238051168433,True,True
near_linear,M2,handling_06,handling,0.01814280552366351,0.13471462293504186,0.5348932151792364,1.1843461386007952,1.058882404740231,1.5935749340873229,0.18265688511572192,True,True
near_linear,M2,handling_07,handling,0.018672763620358444,0.14093316371429113,0.5467051556926443,1.2062195851513071,1.0772014889535084,1.5905737004460618,0.18236615448975763,True,True
near_linear,M2,handling_08,handling,0.018067839438910157,0.1291792110295098,0.5211844168718321,1.159226493582818,1.0381099915121033,1.595511525675425,0.18294132539408137,True,True
near_linear,M2,handling_09,handling,0.018230674167479165,0.12162525947897683,0.5335644509381698,1.1816504210326255,1.0568716617702707,1.5985096909863727,0.18308354774246877,True,True
near_linear,M3,nominal_00,nominal,0.01575247113816314,0.1516845197099209,0.5036031107688618,1.1298306775583618,1.013211368788396,1.5808387977350493,0.18179551226095553,True,True
near_linear,M3,nominal_01,nominal,0.01716316093451902,0.16535604349709576,0.45428061755611854,1.0384022239026713,0.9364429897102095,1.5782754358300035,0.18168735186745383,True,True
near_linear,M3,nominal_02,nominal,0.01616074263002767,0.16486340028748978,0.46268806649283156,1.0538060148394655,0.948883059999896,1.578970148004963,0.1816415354513547,True,True
near_linear,M3,nominal_03,nominal,0.016230622122129137,0.16417510283472245,0.47893311468692346,1.0844552081371903,0.9753251900938177,1.5767337548453504,0.18154771387315852,True,True
near_linear,M3,nominal_04,nominal,0.016362257771232135,0.16721630803394444,0.4758331004217826,1.078710123838084,0.9704252476453851,1.5758780963028804,0.1814658703725933,True,True
near_linear,M3,nominal_05,nominal,0.01487887514224323,0.15426000303935755,0.489930909516674,1.1041379568128828,0.9910374351148189,1.5818807067051013,0.18180349517548974,True,True
near_linear,M3,nominal_06,nominal,0.01737265159387837,0.1804223256537788,0.46523054037116,1.0591850752648633,0.953960967315738,1.5715541430003341,0.18108603099462986,True,True
near_linear,M3,nominal_07,nominal,0.01808560674496101,0.17283983588499152,0.4569493519566255,1.043938020783684,0.9419218409472843,1.5736782357970323,0.1814209704429073,True,True
near_linear,M3,nominal_08,nominal,0.015361498027506533,0.15435577661113423,0.4816177161676726,1.0889625491883974,0.9786852070073224,1.581418943300833,0.18186419444980187,True,True
near_linear,M3,nominal_09,nominal,0.017837848037272452,0.17257069788572427,0.45681943128801844,1.0435348137636806,0.9413096066156806,1.5743256686778209,0.18142715490268682,True,True
near_linear,M3,heavy_00,heavy,0.023112700707806553,0.22682497890840747,0.45224093109372265,1.037237501263599,0.9385652885613438,1.5493198420001417,0.17954806764629327,True,True
near_linear,M3,heavy_01,heavy,0.019688603472102897,0.21142686529530708,0.4758367985074499,1.080467022849417,0.9730987815536781,1.5557684641385894,0.1799144053887568,True,True
near_linear,M3,heavy_02,heavy,0.020102895060194605,0.19778749171346263,0.46549302407984844,1.061171869006513,0.9577978832068571,1.5607562552485623,0.18050113725896927,True,True
near_linear,M3,heavy_03,heavy,0.02247078855486451,0.22526715374954995,0.4627742749712167,1.0571404131387612,0.9553666781781193,1.5485967630326753,0.1795353092288349,True,True
near_linear,M3,heavy_04,heavy,0.022942441447812958,0.22254885108922107,0.44817825616366064,1.029353664925344,0.9316541061546448,1.5518808392604182,0.17973249136573588,True,True
near_linear,M3,heavy_05,heavy,0.01968529217299612,0.2022485730058211,0.4651062511091072,1.0601233533688301,0.9560600922637569,1.5604911993578736,0.1803268417605293,True,True
near_linear,M3,heavy_06,heavy,0.01925884509326505,0.21544075199472168,0.4864566013270123,1.1003057722351928,0.9893646888741708,1.5537166084882323,0.1796844954601513,True,True
near_linear,M3,heavy_07,heavy,0.020415828332306058,0.22103450489950546,0.4839537852249127,1.0962639672380325,0.9869075315238104,1.5500753676646069,0.17951730820782108,True,True
near_linear,M3,heavy_08,heavy,0.02465464596036242,0.2414333747364824,0.4435591040333163,1.0211048549056851,0.9250905485696556,1.5445028632213147,0.17906007394756107,True,True
near_linear,M3,heavy_09,heavy,0.02024700883454364,0.20381514221686473,0.4649702230694677,1.0601834699294534,0.9567203456329146,1.5588719911789395,0.18027899287213117,True,True
near_linear,M3,handling_00,handling,0.015363408015393043,0.13186182886224376,0.5233364226776821,1.164891424665774,1.0415599441618784,1.5909804449476743,0.18231789178587346,True,True
near_linear,M3,handling_01,handling,0.014910160984532047,0.13557515638206485,0.5205169070949006,1.1596777247868546,1.0369607132219687,1.589967277173428,0.1822148770242724,True,True
near_linear,M3,handling_02,handling,0.015594832932088012,0.1289128499087906,0.5235899079342409,1.1653801863173716,1.0421714429714466,1.5918124101709121,0.1824137548615566,True,True
near_linear,M3,handling_03,handling,0.01870176022717394,0.12233636503044859,0.5516261271097458,1.216863015507612,1.085612530485576,1.5934009604877442,0.18243019074404604,True,True
near_linear,M3,handling_04,handling,0.019492686392762942,0.11098109616296123,0.552059921559412,1.2175765009457715,1.0867394755445634,1.597241947991349,0.18281141507309323,True,True
near_linear,M3,handling_05,handling,0.01639533225715389,0.12027692709651758,0.5315957266920349,1.1798386132638312,1.0543175826257358,1.595317162740751,0.1826480254073291,True,True
near_linear,M3,handling_06,handling,0.016442362239280518,0.1343442702459917,0.5345958378803668,1.1857887617868068,1.05918092717872,1.589245684710725,0.18215236919249866,True,True
near_linear,M3,handling_07,handling,0.017513332942573217,0.14054961162008842,0.5463824491573219,1.2076927564020121,1.0775091362891969,1.5862167179992888,0.18185225925068713,True,True
near_linear,M3,handling_08,handling,0.015682440438195257,0.12881786326629113,0.5209050757266213,1.1606365341685243,1.038450335146038,1.5912867135880036,0.18243661327608768,True,True
near_linear,M3,handling_09,handling,0.01671240550322894,0.12128453971814054,0.5332907152207094,1.1830986157034036,1.0572069787821559,1.5944430240100163,0.18259789542183202,True,True
near_linear,M4,nominal_00,nominal,0.01667105628066257,0.15161337350362233,0.5034935706344839,1.1297849967721947,1.0129333088903085,1.5799618828827617,0.18169261302208514,True,True
near_linear,M4,nominal_01,nominal,0.01623527410159576,0.16527971194661467,0.4541665924702708,1.0383192983436358,0.9361033630885155,1.5773603693418066,0.1815806387112067,True,True
near_linear,M4,nominal_02,nominal,0.015438678301318596,0.1647855841904925,0.4625709092528221,1.0537129884716356,0.9485329065556729,1.5780210173250373,0.1815316710761067,True,True
near_linear,M4,nominal_03,nominal,0.016080805468171238,0.1640975167561525,0.47881559418104425,1.0843843972390799,0.9749892353489532,1.575821248726821,0.18144306398839732,True,True
near_linear,M4,nominal_04,nominal,0.01605619890054767,0.16713646400900067,0.47571262562846045,1.0786301168272383,0.9700751215771504,1.5749617591625096,0.18135860817427513,True,True
near_linear,M4,nominal_05,nominal,0.015274731055669217,0.15418715197803354,0.48981866209502123,1.104082490173992,0.9907346857470675,1.5809680407357485,0.1816979534353064,True,True
near_linear,M4,nominal_06,nominal,0.01651723837312686,0.1803323936374194,0.4650979444504195,1.0590727595558176,0.9535557260771029,1.570543013763303,0.18096824228503047,True,True
near_linear,M4,nominal_07,nominal,0.017166354173999553,0.17275859010813302,0.4568293371078717,1.0438438183995011,0.9415544815611037,1.5727715518325336,0.18131416820571392,True,True
near_linear,M4,nominal_08,nominal,0.015452291821825611,0.15428463732149356,0.4815089076235977,1.0889022770761105,0.9783818399846779,1.580542318912343,0.18176192234957264,True,True
near_linear,M4,nominal_09,nominal,0.016900893605678313,0.17248916955964208,0.4566988484208547,1.0434385366147207,0.9409381068600272,1.5734080556604468,0.18131950903945668,True,True
near_linear,M4,heavy_00,heavy,0.018075201192973206,0.2264333027458551,0.4516372707757616,1.0359381708020166,0.9361336608197536,1.5447911979156745,0.17900211509642375,True,True
near_linear,M4,heavy_01,heavy,0.016632612722874612,0.2110783687947799,0.47524395711356104,1.0792093403001126,0.970787340894705,1.5514261093372856,0.17939618093633308,True,True
near_linear,M4,heavy_02,heavy,0.016790739635057773,0.1974768731597476,0.4649476125001202,1.0600038862899994,0.9556426297782673,1.5566455409309097,0.1800050296565459,True,True
near_linear,M4,heavy_03,heavy,0.018103010844044722,0.22487871645470953,0.46215747173702865,1.0558227831650524,0.9528950036103205,1.5440895639880063,0.1789957023628127,True,True
near_linear,M4,heavy_04,heavy,0.017808080998538877,0.2221705688885151,0.44759294440891495,1.0280843260931152,0.9292829418804838,1.547422487357365,0.17919491771168278,True,True
near_linear,M4,heavy_05,heavy,0.01618455654688633,0.20192658390585178,0.46455314780001034,1.058941774110616,0.9538866507777602,1.5562870458400713,0.17982272972718188,True,True
near_linear,M4,heavy_06,heavy,0.016874489509732426,0.21507987325725864,0.48583823620142746,1.0989935690802362,0.9869828025322934,1.5493168117125804,0.17915665980148038,True,True
near_linear,M4,heavy_07,heavy,0.017619481170079273,0.22065695599166177,0.4833198534111836,1.0949144306656646,0.9844219464586003,1.5456010124310768,0.17897725646498072,True,True
near_linear,M4,heavy_08,heavy,0.018699518945374752,0.240997982837202,0.4429323577645898,1.0197524310580441,0.922564691593841,1.539777811139839,0.17849223702077474,True,True
near_linear,M4,heavy_09,heavy,0.016696438705847957,0.2034885186721786,0.4644109237122106,1.0589981307534955,0.9545054119950414,1.5546518927880901,0.17977654271706148,True,True
near_linear,M4,handling_00,handling,0.015805604769979335,0.13217161120576484,0.5241287914422027,1.1669395640688338,1.0448935509849935,1.597153438608401,0.18304157771759327,True,True
near_linear,M4,handling_01,handling,0.01590734925159288,0.13589467278437137,0.5213089655298554,1.161711165337835,1.0402970700703815,1.596201498181438,0.1829416789952881,True,True
near_linear,M4,handling_02,handling,0.015861908606698102,0.12921536912018644,0.5243794322366042,1.1674399496938148,1.0454870529625584,1.5979394303155214,0.18313576383006097,True,True
near_linear,M4,handling_03,handling,0.015629746928161,0.12261671758428286,0.552449350401326,1.2189632532026136,1.0890021475219265,1.5993496197466746,0.1831372046658104,True,True
near_linear,M4,handling_04,handling,0.0160886057588668,0.11123287176868954,0.5528637472851641,1.2196496476913383,1.0901016031131163,1.603098948105654,0.18349782828133626,True,True
near_linear,M4,handling_05,handling,0.015128366401715112,0.12055402179819898,0.5323753465666593,1.181838014905756,1.0576046698603845,1.6012272284325464,0.18335174958516756,True,True
near_linear,M4,handling_06,handling,0.015742844798322587,0.13465989872925385,0.5354174767839649,1.1878964663649112,1.0626276271136674,1.5954592843937958,0.18287992248243273,True,True
near_linear,M4,handling_07,handling,0.015887093408134517,0.14088106045791352,0.5472420556259827,1.20986919510393,1.0810627617836819,1.5924413230571157,0.18259335113747907,True,True
near_linear,M4,handling_08,handling,0.016361080898257115,0.1291221930444484,0.5216964382989715,1.162697556008307,1.0417659678160551,1.5974501521799838,0.18316237248788989,True,True
near_linear,M4,handling_09,handling,0.015399953603565275,0.12156504169079467,0.5340800720355842,1.1851403350560248,1.0605420444220568,1.6003958455769685,0.1833084548613192,True,True
near_linear,M5,nominal_00,nominal,0.020163976096626186,0.15165977064921118,0.5034942158193029,1.1288388985662958,9.540213741708682,1.6554859661634045,0.19464180070544337,True,True
near_linear,M5,nominal_01,nominal,0.020100365815850077,0.16532886946269387,0.45416618517708435,1.0374419862409852,9.742283063550811,1.661162109801277,0.1959350979478589,True,True
near_linear,M5,nominal_02,nominal,0.019397757347182864,0.16483440883524278,0.4625698337215052,1.0528188757029426,9.748250457198242,1.6599165719549023,0.195657499677735,True,True
near_linear,M5,nominal_03,nominal,0.019902451866224805,0.16414655319719673,0.4788168006008078,1.0834700066251335,9.722719000531717,1.654523193195021,0.1948134396980573,True,True
near_linear,M5,nominal_04,nominal,0.019919343972572286,0.1671860512930558,0.4757138363576671,1.0777178365498619,9.770764301462899,1.6537968486343042,0.19475811884021013,True,True
near_linear,M5,nominal_05,nominal,0.019053492321966896,0.1542337883908567,0.4898175807043946,1.1031687672684625,9.59319324918118,1.658684548907942,0.19517049489427368,True,True
near_linear,M5,nominal_06,nominal,0.02045816756727659,0.18038440594936803,0.4650998371420125,1.0581670882201186,9.971821194346823,1.6494313450282856,0.194342062635354,True,True
near_linear,M5,nominal_07,nominal,0.02097437650816165,0.17280952672637,0.45683143446575897,1.0429447820419337,9.839505460847711,1.6548740968419178,0.1951382771182327,True,True
near_linear,M5,nominal_08,nominal,0.019253824851478658,0.15433150907763418,0.48150830903239855,1.0879878763776096,9.581799754350357,1.6600328189717901,0.195448282615254,True,True
near_linear,M5,nominal_09,nominal,0.02073895232166958,0.17253992814743468,0.4567003506116725,1.0425551738814174,9.841721896346408,1.6555207969035983,0.19521259960966358,True,True
near_linear,M5,heavy_00,heavy,0.021020622529785746,0.22648346927511706,0.4516378585785936,1.0351363353492757,8.541683572947694,1.6029863827446211,0.1876049524006454,True,True
near_linear,M5,heavy_01,heavy,0.019538540825714507,0.2111259068881904,0.47524198879737856,1.0783953036944618,8.345249902814976,1.6077865083412057,0.18792948642154222,True,True
near_linear,M5,heavy_02,heavy,0.019620355083677495,0.19752263234382317,0.4649449723374854,1.0592177547078054,8.1285375564533,1.616601254589179,0.1890702204215733,True,True
near_linear,M5,heavy_03,heavy,0.021017672554050706,0.22492879876357744,0.46215879508782465,1.0550088457913123,8.511886370296276,1.6008675870691513,0.1872595294978635,True,True
near_linear,M5,heavy_04,heavy,0.020752468923800216,0.22221999645519067,0.44759241121927523,1.0272898336981127,8.487406625207896,1.6068614560846206,0.1880979054769444,True,True
near_linear,M5,heavy_05,heavy,0.019104538191013525,0.20197270935172204,0.4645496616450735,1.05814862744459,8.213272425877332,1.6155439396728954,0.18893876758067166,True,True
near_linear,M5,heavy_06,heavy,0.019738460931896143,0.21512793681931303,0.48583678768900307,1.0981609678872808,8.40818457997837,1.6034465416770523,0.18732509481497073,True,True
near_linear,M5,heavy_07,heavy,0.020473353570390835,0.2207061653337047,0.48332028725806403,1.094085846365567,8.46832966391841,1.59952762541406,0.18690180802026923,True,True
near_linear,M5,heavy_08,heavy,0.0216916890498831,0.24105010543059102,0.4429338427504912,1.0189512390272812,8.755153700028098,1.5971766657142918,0.18700141157514624,True,True
near_linear,M5,heavy_09,heavy,0.019579787723062306,0.20353508227946768,0.46440845327326247,1.0582068877467046,8.223628094056554,1.6138395398185394,0.18874750880653726,True,True
near_linear,M5,handling_00,handling,0.020586791477514264,0.1322201197386924,0.5241331611350065,1.1658327092181318,11.093168368512934,1.68664085287814,0.19922277504195354,True,True
near_linear,M5,handling_01,handling,0.020706053318499295,0.1359440466480367,0.5213130920117267,1.1606051988041977,11.149840998092705,1.6856500167544524,0.19911960987862126,True,True
near_linear,M5,handling_02,handling,0.020607749813531185,0.12926319298507166,0.5243839618325294,1.1663364705639672,11.046202269873003,1.6878991695628873,0.19939024223004065,True,True
near_linear,M5,handling_03,handling,0.02023331361682635,0.12266256066473048,0.552454608793303,1.2178325559728302,10.96378473461665,1.6845055681339471,0.1986378178703453,True,True
near_linear,M5,handling_04,handling,0.020485050075385914,0.11127543344299314,0.552868884822271,1.2185186874817717,10.782301141056774,1.6899385609506608,0.19934770368002253,True,True
near_linear,M5,handling_05,handling,0.01989095436677037,0.12059928941949044,0.5323790721746022,1.180741016635215,10.925539704999212,1.6908587169116431,0.1996742716843394,True,True
near_linear,M5,handling_06,handling,0.02053475095544764,0.13470905925655446,0.535422913988459,1.1867673762044155,11.132311154580558,1.6821940462526055,0.19852693155986084,True,True
near_linear,M5,handling_07,handling,0.020675754812787907,0.14093172510751611,0.547248708942707,1.208721451691241,11.226971257372307,1.6758526991880183,0.19759110796091695,True,True
near_linear,M5,handling_08,handling,0.021032109288087478,0.1291701921478652,0.5217016295973652,1.1616023905697959,11.036077558789303,1.688088730680103,0.19946035524121672,True,True
near_linear,M5,handling_09,handling,0.020122142625449688,0.12161070529524841,0.5340844464813648,1.184024501951382,10.937117507494367,1.6895324239846967,0.19949146865935338,True,True
moderate,M1,nominal_00,nominal,0.03823185400694469,0.3151952595305125,1.0110823058629905,2.267534666930708,2.0197357934709945,3.1357953881589267,0.36135126928447653,True,True
moderate,M1,nominal_01,nominal,0.03581059084615093,0.3431232146648776,0.910798585618281,2.081370362801809,1.8623561892023293,3.130137056948952,0.36106766278041835,True,True
moderate,M1,nominal_02,nominal,0.034775375315734755,0.3421066076316001,0.9278807549826604,2.1125818537064025,1.8881757570948383,3.131627792662897,0.36096510049924485,True,True
moderate,M1,nominal_03,nominal,0.03627996062495641,0.34068637869862883,0.960871251779732,2.175114808982123,1.9415837290069682,3.127060680068041,0.3607912717030703,True,True
moderate,M1,nominal_04,nominal,0.03611308405055424,0.3468841227561483,0.9545537188295028,2.163368061482844,1.9315536437105216,3.12519020660397,0.3606078832214189,True,True
moderate,M1,nominal_05,nominal,0.03554449882554002,0.3204627300910288,0.9832957400125318,2.2151471574508417,1.9749048339111905,3.137882478871018,0.3613419059738728,True,True
moderate,M1,nominal_06,nominal,0.036452402724579815,0.3737763322852469,0.9329309207497694,2.1234624881071955,1.8976430844306504,3.115879366996408,0.35976886623140725,True,True
moderate,M1,nominal_07,nominal,0.03735553264122745,0.3583618107718272,0.9161635536512214,2.0926787886362024,1.8725880082290676,3.1204123131122055,0.3605013476979618,True,True
moderate,M1,nominal_08,nominal,0.03551516397380967,0.3206699004464363,0.966402531597628,2.18430886310211,1.9491974357282231,3.136879505575966,0.3614765027197815,True,True
moderate,M1,nominal_09,nominal,0.0369169475520209,0.35781268555908885,0.915903179467281,2.0918213877925407,1.8715531602105,3.121756429319849,0.3605101018654221,True,True
moderate,M1,heavy_00,heavy,0.044515338157356935,0.4680870085963318,0.9062354379142388,2.078803530703707,1.862750904221548,3.069159582032647,0.3564824090358424,True,True
moderate,M1,heavy_01,heavy,0.0402194484171703,0.4367838958561852,0.9542180857181022,2.166573010449788,1.9344546376549474,3.0828950424151556,0.3572742070679796,True,True
moderate,M1,heavy_02,heavy,0.040713305591596353,0.4090981669330256,0.9333243976252277,2.127683517871187,1.903135699369339,3.0932442604411543,0.3585356039359657,True,True
moderate,M1,heavy_03,heavy,0.043998606186572094,0.4649134645908102,0.9276068539365233,2.119317267335242,1.8967613028529517,3.0677268107712723,0.35646954426964594,True,True
moderate,M1,heavy_04,heavy,0.044083342834201955,0.45941154865905837,0.8980256719541985,2.0627673540031326,1.8490120919457473,3.0745556992509906,0.35686860116996355,True,True
moderate,M1,heavy_05,heavy,0.03976041057573193,0.41815624918010214,0.932513422411141,2.125336777536907,1.9001112107853229,3.0926089371032184,0.3581482299173136,True,True
moderate,M1,heavy_06,heavy,0.04011530633547958,0.4449162084250392,0.9757351514725985,2.2067630904068505,1.9676362437296537,3.078576246048182,0.3567884618603186,True,True
moderate,M1,heavy_07,heavy,0.041793445037821744,0.4562838660012197,0.9706028944407352,2.1986367630089574,1.961676679900095,3.0709043790916546,0.35644020338162236,True,True
moderate,M1,heavy_08,heavy,0.04653751538548131,0.49773281452626406,0.8885362300065585,2.04581781067136,1.8351050664176203,3.0592212491741866,0.35543081485883066,True,True
moderate,M1,heavy_09,heavy,0.040725461300450544,0.4213438220635434,0.9322219549474328,2.1255660672046295,1.9009478850305255,3.0892497913679926,0.3580534880594433,True,True
moderate,M1,handling_00,handling,0.04039334851045931,0.27468920230516786,1.0513741796781606,2.3390099813425196,2.0800272093652215,3.1574657038383753,0.3624795958724987,True,True
moderate,M1,handling_01,handling,0.03935095132340897,0.2822845298999971,1.0456145078572785,2.3282869570498943,2.070701067971593,3.155294823464193,0.3622452982138265,True,True
moderate,M1,handling_02,handling,0.040845675876688796,0.26865557410537194,1.05191265297013,2.3401040805021305,2.0811453365615376,3.1592357644328977,0.3626962808252291,True,True
moderate,M1,handling_03,handling,0.04812163993173418,0.25515701040205246,1.1089625874769873,2.444980353111519,2.170518106928806,3.1627498967666985,0.36275611064145136,True,True
moderate,M1,handling_04,handling,0.04967378609244235,0.2318461587262683,1.109952311290535,2.4467837378866513,2.17278641927262,3.1711938955349663,0.36361134791370486,True,True
moderate,M1,handling_05,handling,0.04307768909529071,0.2509577212374899,1.0682671660945635,2.3696527946743746,2.1065633944384095,3.1666992030869525,0.3632182390815394,True,True
moderate,M1,handling_06,handling,0.04289032544117681,0.27975159164938584,1.0742331493031747,2.381502706001282,2.1160146550561016,3.1538437335286527,0.36212655120855264,True,True
moderate,M1,handling_07,handling,0.04529211208655432,0.29241527349080304,1.0981270267741907,2.42593166018979,2.153365706819521,3.147292509900215,0.3614776648596599,True,True
moderate,M1,handling_08,handling,0.04069480352914834,0.2684634843668623,1.0464514258596047,2.3304438460100942,2.0731780987991772,3.1581282447015004,0.36275343049435943,True,True
moderate,M1,handling_09,handling,0.04363212347252622,0.25302085361705495,1.0717002121716577,2.3763157224154905,2.112255489041449,3.1648654112239094,0.36311506141204314,True,True
moderate,M2,nominal_00,nominal,0.041262706365702825,0.3150198995751322,1.0108844362349474,2.2676862812218457,2.0197328740908205,3.1337482540953343,0.36110483964100093,True,True
moderate,M2,nominal_01,nominal,0.03550444789248094,0.3429358541569654,0.9105952390086957,2.0814147160540517,1.8621922215583446,3.1280199023640427,0.3608150192002016,True,True
moderate,M2,nominal_02,nominal,0.03499583013148928,0.3419156677675483,0.9276701599240411,2.1125996137260468,1.8880071019556457,3.129438242543346,0.36070569083717513,True,True
moderate,M2,nominal_03,nominal,0.03756860733438495,0.34049641376222056,0.960659267061023,2.1751838681801083,1.9414464307672166,3.1249154508243744,0.36054236926898675,True,True
moderate,M2,nominal_04,nominal,0.037135365669461656,0.34668900170503414,0.9543359389709052,2.163418550093552,1.9313857781067367,3.122997343031913,0.3603538185105773,True,True
moderate,M2,nominal_05,nominal,0.0377766411871654,0.3202830923881691,0.9830929192942968,2.2152397365463865,1.9748393348484128,3.135760398064981,0.36109024251431165,True,True
moderate,M2,nominal_06,nominal,0.03645652168380108,0.3735584295990049,0.9326894222385126,2.1234501827957586,1.897358800040905,3.113573758063557,0.35949410595243775,True,True
moderate,M2,nominal_07,nominal,0.03705330511393553,0.3581637660737892,0.915948451400614,2.092703733777474,1.8723736515618594,3.1182520087607406,0.36024900013791583,True,True
moderate,M2,nominal_08,nominal,0.03719494077900154,0.32049434020615525,0.9662076285199415,2.184391909425326,1.9491499690265504,3.1348337697211464,0.36123185850089773,True,True
moderate,M2,nominal_09,nominal,0.0366027465230848,0.35761386405837803,0.9156867675669155,2.0918652587920867,1.8713413817320066,3.1195722590672585,0.3602559440842382,True,True
moderate,M2,heavy_00,heavy,0.03826973131695423,0.4671720004352066,0.9051271597877324,2.076944954329235,1.8589388142823857,3.060563445240158,0.3554337506876988,True,True
moderate,M2,heavy_01,heavy,0.03813646438079991,0.43596271556340005,0.9531321041259553,2.164824575039663,1.930952403154503,3.0745711956058126,0.35627702777385273,True,True
moderate,M2,heavy_02,heavy,0.037784410738949295,0.40835949510632213,0.9323366865834969,2.1261445342902925,1.899918377408012,3.0853808597584673,0.3575844673329612,True,True
moderate,M2,heavy_03,heavy,0.039198701570604344,0.4640055366544564,0.9264718642711606,2.1174343706005727,1.8928872755833241,3.0591640682740504,0.35543180480778513,True,True
moderate,M2,heavy_04,heavy,0.037569454145173195,0.45852560341419585,0.8969549945905452,2.060970334052143,1.8453332674621077,3.0659750546040407,0.35583198136407135,True,True
moderate,M2,heavy_05,heavy,0.036658448853217555,0.4173927441306061,0.9315092915339415,2.1237358797763677,1.8968872510808006,3.0846353192520195,0.3571761065622166,True,True
moderate,M2,heavy_06,heavy,0.03938712438420011,0.44406810613446124,0.9745964716456593,2.2049182174890847,1.9639613257304167,3.0700908627558308,0.35577137993264074,True,True
moderate,M2,heavy_07,heavy,0.04024746719044891,0.4553995844640224,0.9694325141017437,2.1967510273409907,1.9578037385697173,3.062395527940799,0.3553992517187706,True,True
moderate,M2,heavy_08,heavy,0.038382797869110946,0.49672293455008354,0.8873800372948207,2.0438315761736514,1.8310671829847556,3.0501327146376584,0.3543369703629417,True,True
moderate,M2,heavy_09,heavy,0.03745592588328976,0.4205702575133428,0.9312053245017011,2.123956136889496,1.8976085605455693,3.0812460966264585,0.3570892686694534,True,True
moderate,M2,handling_00,handling,0.03649625766290155,0.27542950696157537,1.0529693344629187,2.3429325274085997,2.0867610542102404,3.1688657207698374,0.3638399686332501,True,True
moderate,M2,handling_01,handling,0.03616612163445729,0.2830459048971453,1.0472103315929584,2.3322135046693173,2.0774176460859453,3.1668260336080305,0.3636116737439072,True,True
moderate,M2,handling_02,handling,0.03677959160203584,0.2693802754041197,1.053500931492764,2.3440098966544096,2.0878947077767434,3.17054169948347,0.3640534049839184,True,True
moderate,M2,handling_03,handling,0.03972017953058372,0.25583224977058583,1.110617174289869,2.449022309242823,2.177400470614514,3.1737180722962544,0.3640778721934636,True,True
moderate,M2,handling_04,handling,0.041107189500934484,0.23245938160221138,1.111562158820219,2.450720230221021,2.1794732684557174,3.1819745657489498,0.36489176257957395,True,True
moderate,M2,handling_05,handling,0.03701059597755997,0.25162610591272,1.0698308326159667,2.3734957456849526,2.113093406269446,3.177795124498075,0.3645339402657146,True,True
moderate,M2,handling_06,handling,0.03737860934294948,0.2805046260480761,1.0758900024359968,2.3855625706612944,2.122924819660415,3.1653529926204604,0.36348846475302427,True,True
moderate,M2,handling_07,handling,0.03843850036114491,0.29320270564173784,1.0998650888976789,2.4301746519879655,2.1605498067146818,3.158954191221647,0.3628664480819982,True,True
moderate,M2,handling_08,handling,0.03730245307079418,0.269192862383917,1.0480439917140636,2.334417939921721,2.079947719537294,3.1695055869586044,0.3641129760164246,True,True
moderate,M2,handling_09,handling,0.037519331552492596,0.2536970434931426,1.07328474553792,2.380206463038439,2.1188967275395334,3.176005846649453,0.36444489271003533,True,True
moderate,M3,nominal_00,nominal,0.033000835250156596,0.31512538204409446,1.0120863238579747,2.2743963948087336,2.027357456532985,3.1381490457774635,0.36162110967303984,True,True
moderate,M3,nominal_01,nominal,0.035975812874040336,0.3430687848274686,0.9117469076951626,2.0876290937702646,1.8694421366104619,3.1324678896218345,0.3613531278525212,True,True
moderate,M3,nominal_02,nominal,0.03390319734609967,0.34205159085636283,0.9288381357606127,2.118942752669717,1.8953198565860534,3.1339575221751264,0.36124111920451807,True,True
moderate,M3,nominal_03,nominal,0.03408953337227576,0.34063001635811513,0.9618585594604916,2.1817030846154544,1.9490509870175454,3.1293262650646407,0.3610785084810476,True,True
moderate,M3,nominal_04,nominal,0.034361628825414284,0.3468311039786983,0.9555403023643867,2.1699400504737536,1.9390092455751626,3.1274584855767897,0.3608938888650919,True,True
moderate,M3,nominal_05,nominal,0.03122820630912595,0.3203960503864815,0.9842781413905876,2.2217673834177285,1.9822858023366885,3.1402672690356828,0.36162428541189406,True,True
moderate,M3,nominal_06,nominal,0.0364380775273531,0.37373809819914916,0.9339203079978011,2.130033768253893,1.9051163357034595,3.118231873601777,0.36004435351392344,True,True
moderate,M3,nominal_07,nominal,0.03792041981981857,0.3583152541917318,0.917132743432418,2.0991292965410375,1.879906603824742,3.12272285873485,0.360777921981559,True,True
moderate,M3,nominal_08,nominal,0.03226190108604254,0.3206033676007845,0.9673754761520028,2.1908641005760163,1.9565133988781802,3.1392706300838262,0.36175372939994915,True,True
moderate,M3,nominal_09,nominal,0.03739680545013618,0.35776587159520806,0.9168698729470142,2.0982634927643513,1.8788336058809072,3.124084311470556,0.3607914502517671,True,True
moderate,M3,heavy_00,heavy,0.04833748588340624,0.46810569632377647,0.907293205870382,2.0857841265670674,1.8710251199189871,3.0714120425961933,0.3567504480632551,True,True
moderate,M3,heavy_01,heavy,0.04130094234355478,0.43678233934002525,0.9552840740647619,2.1736880421517877,1.9427239370861618,3.0850482648626905,0.35754555770112284,True,True
moderate,M3,heavy_02,heavy,0.04216115320654109,0.40908014002480536,0.9343556139816284,2.1346020635404406,1.911118834166193,3.0954795780912234,0.35880598541321806,True,True
moderate,M3,heavy_03,heavy,0.04706595673777857,0.46493017719076135,0.9286827741600563,2.126468199504643,1.9052291375493575,3.0699480953256395,0.3567399462858181,True,True
moderate,M3,heavy_04,heavy,0.04795844075680839,0.45942459713410866,0.8990673522811812,2.069602976601648,1.8571159181663708,3.076748708869999,0.3571271808031625,True,True
moderate,M3,heavy_05,heavy,0.04126508064354621,0.41814349578202425,0.9335455556703245,2.132186489535972,1.9080502019279317,3.094903576030591,0.3584133763494157,True,True
moderate,M3,heavy_06,heavy,0.04042080636726236,0.44491957280570027,0.9768246006131847,2.214041608980385,1.9761281485781956,3.08075325530957,0.35705294745242344,True,True
moderate,M3,heavy_07,heavy,0.04284318166328377,0.45629466559925946,0.971703507062546,2.2060707859958386,1.9703348100153768,3.073125787160876,0.3567002994148669,True,True
moderate,M3,heavy_08,heavy,0.0514590499944099,0.4977709460528181,0.8896004852392527,2.0528080990869872,1.8434276309008741,3.061336842224173,0.3556982578137945,True,True
moderate,M3,heavy_09,heavy,0.04244645337302693,0.421333059420472,0.933260099543674,2.1325084304481736,1.9089852301263555,3.091511307193103,0.35833168086727174,True,True
moderate,M3,handling_00,handling,0.03194382808452348,0.27460061582467793,1.0523638164349376,2.3457567194330515,2.087457785592823,3.1598349506736154,0.36276956075315353,True,True
moderate,M3,handling_01,handling,0.031030362693178874,0.28219953489966104,1.0466047153078901,2.335014701164595,2.078124818126292,3.1576339515083025,0.36253457309501613,True,True
moderate,M3,handling_02,handling,0.032419635104362264,0.2685642237938385,1.0528991846421636,2.346850058705419,2.0885591374400967,3.1616332686714217,0.36298660039155556,True,True
moderate,M3,handling_03,handling,0.038613810915926784,0.25505940169580726,1.1099775433820167,2.451990270575238,2.1781899771059323,3.165157954455651,0.36304293176152264,True,True
moderate,M3,handling_04,handling,0.04023618999131907,0.23173935273154364,1.1109515104068595,2.4536667526330604,2.180342145890302,3.1734994522457094,0.3638855053162077,True,True
moderate,M3,handling_05,handling,0.03398158322198014,0.25085894491847677,1.0692496615661582,2.3763482121126986,2.11393149547743,3.1691885863524907,0.36349527297870676,True,True
moderate,M3,handling_06,handling,0.03410186681680491,0.27966493738909415,1.0752437742080097,2.3884172431537674,2.1236438653038454,3.1561665492330473,0.36240915428138865,True,True
moderate,M3,handling_07,handling,0.03624406079144998,0.2923341684562264,1.099165014794576,2.4330490532955924,2.1612477960860748,3.149722192045444,0.36174963940732446,True,True
moderate,M3,handling_08,handling,0.03263574311235674,0.26837189921821025,1.0474364521817359,2.3372196333140294,2.080577754603047,3.1605204210961566,0.36303810914073675,True,True
moderate,M3,handling_09,handling,0.03463645911299273,0.2529227259754888,1.0726882090162815,2.3830765448680804,2.119686468038672,3.167329952554274,0.3634008326373676,True,True
moderate,M4,nominal_00,nominal,0.03481790653743646,0.31495746463072055,1.011848388305963,2.2742801099269045,2.026766180885612,3.1363152871750457,0.3614042761051177,True,True
moderate,M4,nominal_01,nominal,0.03406773610099211,0.3428890981902475,0.9115026896921751,2.087413338239176,1.8687072249037453,3.130573692325138,0.36113567586751566,True,True
moderate,M4,nominal_02,nominal,0.032407641181157625,0.34186828274932324,0.9285868187993978,2.118730993263941,1.8945847076732505,3.1319887180476975,0.36101585481270476,True,True
moderate,M4,nominal_03,nominal,0.03374616623399973,0.3404475491718573,0.9616055665456661,2.181505874214201,1.948326261223338,3.1274015685403023,0.360856450270954,True,True
moderate,M4,nominal_04,nominal,0.033702777480797044,0.3466434655966556,0.9552813371640504,2.1697237789417216,1.9382538173731942,3.125557507321367,0.36066675440720714,True,True
moderate,M4,nominal_05,nominal,0.03198521413637615,0.3202239579985154,0.9840353123123652,2.221596199289933,1.981642677365458,3.1383598395085794,0.3613988143638372,True,True
moderate,M4,nominal_06,nominal,0.03467035759781662,0.3735275415508547,0.9336367807779724,2.12975118964346,1.904240578214803,3.116147653779104,0.35979695974116194,True,True
moderate,M4,nominal_07,nominal,0.03603040751677651,0.35812472809439627,0.9168759835186887,2.0989204976873816,1.8791068507259714,3.1208518587328458,0.36055326603418736,True,True
moderate,M4,nominal_08,nominal,0.03240619592604746,0.3204354027378729,0.9671404187571362,2.1907198348188173,1.9558895070367788,3.137441705284083,0.36153566572319823,True,True
moderate,M4,nominal_09,nominal,0.03547009073220361,0.35757458226618916,0.9166119095829488,2.0980413733972023,1.8780397728463674,3.122189159805848,0.3605648597228438,True,True
moderate,M4,heavy_00,heavy,0.037900703730756824,0.46718730857188895,0.9060235117851381,2.0828854502827285,1.8659781942807425,3.062170741504034,0.3556310196421111,True,True
moderate,M4,heavy_01,heavy,0.034855150749320385,0.4359606813152233,0.9540326503757693,2.170862235349198,1.9379920033234976,3.076113720851527,0.3564690739471363,True,True
moderate,M4,heavy_02,heavy,0.03521726953745572,0.4083434080549685,0.9332041486135446,2.132020706866488,1.9066600121210697,3.0870383530957684,0.3577849646273374,True,True
moderate,M4,heavy_03,heavy,0.037973788639514894,0.46401914416210843,0.9273839845412989,2.123524593357184,1.9000952063532774,3.0607515448312053,0.3556228631908397,True,True
moderate,M4,heavy_04,heavy,0.03733041519167695,0.4585360516987105,0.8978363425791073,2.066821280397015,1.8522430949225357,3.0676381318771524,0.35602040670017326,True,True
moderate,M4,heavy_05,heavy,0.03393991615784874,0.41738117146257464,0.9323782873737595,2.129538851615991,1.9036234107285872,3.086273936048525,0.35737644803809376,True,True
moderate,M4,heavy_06,heavy,0.03531449231037879,0.44407030528819874,0.9755184592589851,2.2111642297094054,1.9711821139539751,3.0717444034721786,0.3559577733011868,True,True
moderate,M4,heavy_07,heavy,0.03690136084846197,0.45540814684172576,0.9703655690276334,2.203099572058514,1.9651666351740815,3.0639844903989832,0.3555946598328059,True,True
moderate,M4,heavy_08,heavy,0.03916497321771815,0.49675510455265237,0.8882847506463157,2.0497993778736614,1.8381823982955063,3.051669673831459,0.35452663481298297,True,True
moderate,M4,heavy_09,heavy,0.035018096473263885,0.42056034934943687,0.932079985492913,2.1298533041962537,1.904398227027743,3.0828572917708392,0.35728751292993677,True,True
moderate,M4,handling_00,handling,0.033162319799107984,0.2753467511417519,1.0540311876142925,2.350213858438742,2.0940761394760576,3.1725054750995634,0.3642730779834512,True,True
moderate,M4,handling_01,handling,0.033358780132187967,0.2829675744329099,1.048270876758562,2.3394673049448054,2.084718889678453,3.170428937669333,0.3640494276215667,True,True
moderate,M4,handling_02,handling,0.03328773635070573,0.2692941094580153,1.0545607580614644,2.351292128408484,2.0951923171205307,3.1742162724137963,0.36448355774101515,True,True
moderate,M4,handling_03,handling,0.032746751886940914,0.25573788378028395,1.1117139081092213,2.4565852209983783,2.1849989605185534,3.1773745308169543,0.36449300208819935,True,True
moderate,M4,handling_04,handling,0.033683031868096375,0.2323530719353437,1.1126476806294292,2.4582342237834407,2.1869841130966403,3.1855290365763587,0.3653156396127605,True,True
moderate,M4,handling_05,handling,0.03175393796768889,0.2515304587756398,1.0708918779246914,2.3807716918786674,2.120392115341619,3.1813460737976738,0.3649597893266434,True,True
moderate,M4,handling_06,handling,0.03304227228174584,0.2804241079922521,1.0769740123081284,2.3930254693298316,2.1304455061262546,3.1689150307119704,0.36392394116863097,True,True
moderate,M4,handling_07,handling,0.03333336354989845,0.2931287646772031,1.1009762431390682,2.4378492276602084,2.1682754564164575,3.162486186508605,0.36328907720479015,True,True
moderate,M4,handling_08,handling,0.034335684897879186,0.26910646280746225,1.0491015406783653,2.3416556430855784,2.087222840992242,3.1731775907947464,0.36455181356514754,True,True
moderate,M4,handling_09,handling,0.03232479368174205,0.25360223093020734,1.0743510741666815,2.387542049952214,2.126259887287964,3.1795699085942366,0.3648645937266936,True,True
moderate,M5,nominal_00,nominal,0.04199833754826573,0.3150798308365439,1.0118648889588948,2.2723534937127936,19.316740603413955,3.2688703285060754,0.38327860614826764,True,True
moderate,M5,nominal_01,nominal,0.041996643510848246,0.3430177654893355,0.9115166097044043,2.0856000897019444,19.723939753489987,3.2778856730961516,0.3854523613028623,True,True
moderate,M5,nominal_02,nominal,0.04051505820336258,0.341996113305508,0.928598987961025,2.1169169298080566,19.73838659404803,3.2757471962047635,0.3849635315208326,True,True
moderate,M5,nominal_03,nominal,0.041586206694507535,0.3405758953790067,0.9616232555165903,2.179642423835055,19.68278539917368,3.2655162710413643,0.38340288448400633,True,True
moderate,M5,nominal_04,nominal,0.04162550270637101,0.3467730379655497,0.955298957060172,2.1678625048025637,19.779855618630254,3.26381809158206,0.38325873880878525,True,True
moderate,M5,nominal_05,nominal,0.039726575512634595,0.32034681008471433,0.9840475580316967,2.219702434753108,19.4269525147439,3.274742376163057,0.3842294512597461,True,True
moderate,M5,nominal_06,nominal,0.042752445707506345,0.37366255110945384,0.9336557271276232,2.1278780047016435,20.1845735764563,3.2541442250898833,0.3823077177626853,True,True
moderate,M5,nominal_07,nominal,0.04385491186610572,0.3582574522796029,0.9168958484567682,2.097096528887494,19.91547967146618,3.2650442569180127,0.3838623456789503,True,True
moderate,M5,nominal_08,nominal,0.04019775469260817,0.3205588701938693,0.9671539471430911,2.1888612054027314,19.401683468305503,3.277145088218088,0.3847275272822276,True,True
moderate,M5,nominal_09,nominal,0.043351669937654935,0.3577068740829978,0.9166302966859329,2.096214761012751,19.921304367270587,3.2663537420623228,0.3840092250168756,True,True
moderate,M5,heavy_00,heavy,0.044003713735734896,0.46731460101183087,0.906038091546574,2.081246967680614,17.31475535790074,3.1626970939709858,0.3693681178275436,True,True
moderate,M5,heavy_01,heavy,0.0408665370313468,0.4360818350955265,0.9540410743968133,2.1692049174187735,16.925611345721492,3.1734066678284103,0.3701765470145839,True,True
moderate,M5,heavy_02,heavy,0.041078494908781106,0.4084605945581215,0.9332114535932271,2.130393572405254,16.48867321759759,3.19139586493267,0.3724671929936379,True,True
moderate,M5,heavy_03,heavy,0.04401644618281482,0.4641462460953894,0.927400322620835,2.121844664938808,17.253013871375373,3.158766138528103,0.36873889980355984,True,True
moderate,M5,heavy_04,heavy,0.04342910364626793,0.45866164667881526,0.897848318244668,2.0652094981312845,17.207837310052017,3.170495214967031,0.37034236954194294,True,True
moderate,M5,heavy_05,heavy,0.03997624373180328,0.41749912355478636,0.9323833459677471,2.127928410832738,16.662412576493566,3.1890743570973603,0.3721772221996712,True,True
moderate,M5,heavy_06,heavy,0.041242420022514124,0.44419261249866787,0.9755279238314959,2.2094714467981613,17.05193509618984,3.1647848152314295,0.36900031712649406,True,True
moderate,M5,heavy_07,heavy,0.042817284850838314,0.45553314522994953,0.9703795645954689,2.201383283701985,17.168157378390404,3.1566898822030818,0.36813087942593864,True,True
moderate,M5,heavy_08,heavy,0.04536367013074669,0.49688684516745585,0.8883011813584654,2.048144271212259,17.743304048705443,3.150393287832693,0.3680748290183142,True,True
moderate,M5,heavy_09,heavy,0.04098604121563042,0.42067934683301483,0.9320875284272447,2.128216049044473,16.68052759057722,3.1855932163347536,0.37179216148671634,True,True
moderate,M5,handling_00,handling,0.042910576236516486,0.27547774687217214,1.0540582154490494,2.3479567330403834,22.407019561591895,3.329781846702124,0.3919606286394825,True,True
moderate,M5,handling_01,handling,0.04314412952967367,0.28310040238521256,1.04829715860685,2.337212632347687,22.522317231138935,3.3275101942131062,0.3917192921561864,True,True
moderate,M5,handling_02,handling,0.04296601211357265,0.26942367809962564,1.0545883175246988,2.349041752141944,22.311222533019233,3.3324562327984224,0.39230769948200805,True,True
moderate,M5,handling_03,handling,0.04212406475480365,0.25586306255737684,1.1117433340967093,2.454230111970153,22.14626357713444,3.3270388642467097,0.39104378455633665,True,True
moderate,M5,handling_04,handling,0.04264796198303696,0.23247141691177828,1.112677350119107,2.4559031557295263,21.777095570860897,3.3386183265842533,0.3925195263930037,True,True
moderate,M5,handling_05,handling,0.0414511255773086,0.25165450866947797,1.0709177574089686,2.3784984350699885,22.0686171189167,3.339192731934175,0.3929722672309698,True,True
moderate,M5,handling_06,handling,0.042807994356427785,0.2805564578829178,1.0770034717934127,2.3907211242754642,22.48595332256547,3.321140667837329,0.3906483613099821,True,True
moderate,M5,handling_07,handling,0.04309155543157965,0.2932642809946056,1.1010083201496679,2.435488313717798,22.67736333196386,3.308499756357029,0.388839547918552,True,True
moderate,M5,handling_08,handling,0.04387214226309513,0.2692364941587525,1.0491307857684857,2.339422830881908,22.288871080763382,3.3327093320911163,0.3924264923457273,True,True
moderate,M5,handling_09,handling,0.04194490199870622,0.25372715400411505,1.0743785082687325,2.385264295014913,22.091052439715668,3.336521326573773,0.3926163518196175,True,True
strong,M1,nominal_00,nominal,0.06086563673285155,0.505894947106214,1.529506473387227,3.44164480205205,3.0292434891487052,4.6348503226430555,0.5360948989996839,True,True
strong,M1,nominal_01,nominal,0.057968326060962264,0.5493667242591851,1.3744875584254215,3.1519843243411074,2.7805799797545694,4.624904307923361,0.5355264432499071,True,True
strong,M1,nominal_02,nominal,0.05611977714755084,0.5477440126279226,1.4008569672163598,3.2000322654963558,2.8225879504143645,4.627441983173678,0.5353354220774471,True,True
strong,M1,nominal_03,nominal,0.058445740273795045,0.5454923461363423,1.4517579865317494,3.297873645948793,2.9046547583051026,4.620231090246751,0.5351208634199981,True,True
strong,M1,nominal_04,nominal,0.05824343790597654,0.5550924983236648,1.441955670927055,3.2795010117865697,2.8888920679657755,4.6171771413366365,0.5347946896615037,True,True
strong,M1,nominal_05,nominal,0.0567511422313023,0.5141057304332282,1.486578489546139,3.3595739212910494,2.9602490177993115,4.63796963220129,0.5360347447238639,True,True
strong,M1,nominal_06,nominal,0.059019854726079284,0.5966969526818662,1.4083720921720333,3.217230669436206,2.8350129974463285,4.601762120970579,0.5333221413633622,True,True
strong,M1,nominal_07,nominal,0.060621185903979934,0.5729404802399766,1.382636988871011,3.170084250733422,2.7943486953896843,4.609221544978417,0.5345727049572011,True,True
strong,M1,nominal_08,nominal,0.05697017016491606,0.5144727081051494,1.4604902155951764,3.311995830114217,2.9185164343459427,4.636339418398892,0.5362577657171641,True,True
strong,M1,nominal_09,nominal,0.0598659292687641,0.5720847834045736,1.382240939987161,3.1685714402873395,2.79341522497192,4.611396118874564,0.534586289648293,True,True
strong,M1,heavy_00,heavy,0.07262571981725642,0.7421612167913673,1.3664728154621735,3.149439377533097,2.7722310435996014,4.526630338238073,0.5278861471406743,True,True
strong,M1,heavy_01,heavy,0.06542378945725959,0.6938366539878379,1.4406018469398136,3.2848002359045765,2.887432731780186,4.548666749821736,0.5292157501039472,True,True
strong,M1,heavy_02,heavy,0.06632978847736071,0.6512590277987751,1.408659265487106,3.2252800676800235,2.8377430213596595,4.565351092440448,0.5313187446932095,True,True
strong,M1,heavy_03,heavy,0.07184731231179546,0.7372438951772817,1.399382916948039,3.2125381272114257,2.824754524099138,4.524464527315315,0.5278968706433741,True,True
strong,M1,heavy_04,heavy,0.07186674573638584,0.7288235260315499,1.3539045967993084,3.1243536474928137,2.751654164326794,4.535117282849963,0.5284889944034737,True,True
strong,M1,heavy_05,heavy,0.06469365480955253,0.6651917903903685,1.407337292693078,3.2208642994717356,2.834524948399559,4.56426514643868,0.5306406699897244,True,True
strong,M1,heavy_06,heavy,0.06513832799283344,0.7062972800085008,1.4736630106210986,3.3468832974032696,2.9394939942254785,4.541984078350846,0.5284160758444596,True,True
strong,M1,heavy_07,heavy,0.0680451773079623,0.7238374870497952,1.4656362763575426,3.3349681903848034,2.9278597271784705,4.529773753545289,0.5278619147453616,True,True
strong,M1,heavy_08,heavy,0.07579984786058346,0.7877619231537848,1.3390264065318114,3.0979615349082787,2.728994932358104,4.510523845035227,0.5261277622773235,True,True
strong,M1,heavy_09,heavy,0.06634189812497039,0.6701239368843137,1.4068572311056753,3.2216802759822194,2.834564775012669,4.5588556311906725,0.5305148461989326,True,True
strong,M1,handling_00,handling,0.06330334556180266,0.44285851531366316,1.5922438102176646,3.551990433995805,3.130422834677206,4.670739335350099,0.5380320776450866,True,True
strong,M1,handling_01,handling,0.061697140441548,0.4546883924106462,1.5832661338467413,3.535044410229751,3.1159891943062386,4.667127877989284,0.5376077146271488,True,True
strong,M1,handling_02,handling,0.06402894498905555,0.4334601896124764,1.5931385891376657,3.553948072738842,3.1318442909604984,4.673667792993432,0.5384209238490303,True,True
strong,M1,handling_03,handling,0.07501189870632442,0.4122875107866437,1.681476257189115,3.7172717938014226,3.273914256084631,4.67982521849815,0.5385728296439616,True,True
strong,M1,handling_04,handling,0.0774756630256134,0.37579187634368133,1.683304007890348,3.7207493831334078,3.2769920377905124,4.694166032906568,0.5400687656715268,True,True
strong,M1,handling_05,handling,0.06731485375305359,0.4058061528581263,1.61863447201461,3.6000222221486053,3.1730935379960825,4.6863708989395105,0.5393219247012424,True,True
strong,M1,handling_06,handling,0.06709318509545076,0.45069136336165183,1.6274966870187628,3.6180261376083256,3.1869204177275527,4.664932039875014,0.5374340511593791,True,True
strong,M1,handling_07,handling,0.07073373097447291,0.4703274697221466,1.6642492476552393,3.6868902079767683,3.245603341229836,4.654211976330557,0.5363280105706051,True,True
strong,M1,handling_08,handling,0.06391653172496095,0.43317452968885883,1.584688850608681,3.53925551266454,3.1182134017774237,4.671823193630675,0.5385236542132414,True,True
strong,M1,handling_09,handling,0.06821208305103262,0.4090241338260464,1.6239070361107608,3.6104947382763912,3.181464659719818,4.683315284474644,0.5391690932148255,True,True
strong,M2,nominal_00,nominal,0.06540640247640937,0.5055428573685993,1.5291558037370332,3.4417689986933704,3.0291218175263275,4.6315845867569925,0.5357132858538429,True,True
strong,M2,nominal_01,nominal,0.057303839593087796,0.5489931858226564,1.3741376384529504,3.1519662236160517,2.7801570277605516,4.621683406928293,0.535139322345266,True,True
strong,M2,nominal_02,nominal,0.056251338265530415,0.5473627776596149,1.4004935919924753,3.200015737322271,2.8221955245650276,4.624097570728672,0.5349365145664525,True,True
strong,M2,nominal_03,nominal,0.06022852330832348,0.5451139028964574,1.4513896616100757,3.2978805969354,2.9042777564020725,4.6169671038934625,0.5347254613723257,True,True
strong,M2,nominal_04,nominal,0.05960832561584818,0.5547043872832352,1.4415786081532929,3.2794781218963274,2.8884631241683674,4.6138448757899555,0.534392074407564,True,True
strong,M2,nominal_05,nominal,0.06002537546758566,0.513744772095725,1.4862221204661843,3.359601150336173,2.9600315977492953,4.634676827721543,0.5356307127598275,True,True
strong,M2,nominal_06,nominal,0.05880225725504273,0.5962667222087604,1.4079591057517784,3.2171094176376442,2.8343816649187756,4.598178615434514,0.5328934516794691,True,True
strong,M2,nominal_07,nominal,0.05996410294690277,0.572548327394489,1.38226811783154,3.170097042580223,2.7938180251704194,4.605963182144894,0.5341766869917038,True,True
strong,M2,nominal_08,nominal,0.05938024659452558,0.5141203320911113,1.460148522719499,3.312082396336575,2.918312582591814,4.633092619952449,0.5358710693187752,True,True
strong,M2,nominal_09,nominal,0.05918620522325581,0.5716907328089267,1.381869871950417,3.1685565768628017,2.792875826237331,4.608095495106027,0.5341868847959856,True,True
strong,M2,heavy_00,heavy,0.06213073994940517,0.7403752106148915,1.3646401406199908,3.1459562869336355,2.766018366578918,4.513270514619411,0.5262463147843652,True,True
strong,M2,heavy_01,heavy,0.061284250057597925,0.692220967316393,1.438792876198458,3.281462368039033,2.8817075888091095,4.5358550561421245,0.5276329717217166,True,True
strong,M2,heavy_02,heavy,0.06095694720597258,0.6497932594891509,1.407011151554993,3.222314579342244,2.8325290923671966,4.553112234896194,0.5298173819005946,True,True
strong,M2,heavy_03,heavy,0.06352640103866848,0.7354710720760149,1.3975024357464076,3.2090009081160202,2.818426739829601,4.5111747760487,0.5262597586101228,True,True
strong,M2,heavy_04,heavy,0.06098455352785892,0.7270897397748293,1.3521336212765607,3.1209779135585585,2.7456550186326583,4.521942945284049,0.526875819701535,True,True
strong,M2,heavy_05,heavy,0.059045669054708386,0.6636805808362186,1.4056635994799787,3.21778947267387,2.829281261085528,4.551728106354799,0.5291164034811502,True,True
strong,M2,heavy_06,heavy,0.06305420680885378,0.7046331754860334,1.4717650635664272,3.3433665854770203,2.9335123330721986,4.528922571648268,0.5268055708528071,True,True
strong,M2,heavy_07,heavy,0.06466854802279667,0.7221080160924318,1.4636892150154002,3.3313920639804686,2.921527806223537,4.516541151750872,0.526240571037902,True,True
strong,M2,heavy_08,heavy,0.06239720666092702,0.7858052360733504,1.337122732978037,3.094276524356206,2.722270173861246,4.496682439860961,0.5244128102430503,True,True
strong,M2,heavy_09,heavy,0.06042729498732437,0.6685944630621439,1.4051635849013857,3.2185939577955427,2.8291447870617934,4.546296513041129,0.5289797053658247,True,True
strong,M2,handling_00,handling,0.05847870599965012,0.4443695786728164,1.594877608257924,3.5590219069251576,3.140435626482753,4.688543131651167,0.5402013193760409,True,True
strong,M2,handling_01,handling,0.05799172067233619,0.4562381461213769,1.5858990832162172,3.5420801836656755,3.1259739369086654,4.685073064440821,0.5397928970931809,True,True
strong,M2,handling_02,handling,0.05893817902857607,0.4349430327390629,1.5957618950906878,3.5609522097151127,3.1418675892462633,4.691525168449122,0.5405816061998102,True,True
strong,M2,handling_03,handling,0.06296827808385665,0.41367332712525035,1.6842204596034616,3.7244013319069937,3.284227034151765,4.697220336693391,0.5406531726486764,True,True
strong,M2,handling_04,handling,0.06511354331407483,0.3770629221536347,1.6859775467995766,3.727776026872291,3.2870259826623145,4.711013751871852,0.5421274546493299,True,True
strong,M2,handling_05,handling,0.058983843466890486,0.40718144601818707,1.6212224304830756,3.6068752666669663,3.1828232322116907,4.70373233643309,0.5414223428096724,True,True
strong,M2,handling_06,handling,0.0597551021125324,0.45222494769814586,1.6302353765405115,3.625302819639388,3.197264836772685,4.682827813333011,0.5396173651622266,True,True
strong,M2,handling_07,handling,0.061311097186023636,0.4719231154601335,1.6671239996550142,3.6944229418331203,3.25638622064423,4.6724191205044106,0.5385359319425403,True,True
strong,M2,handling_08,handling,0.05991577473281975,0.434668273257294,1.5873181925286155,3.546282528077832,3.128258809971967,4.689865372999858,0.5407107307252076,True,True
strong,M2,handling_09,handling,0.05983708253241128,0.4104148497220517,1.6265296717978484,3.6174735045225304,3.191383252368175,4.700794129689181,0.5412693568756635,True,True
strong,M3,nominal_00,nominal,0.05424996406530825,0.5058718053065147,1.5311011491770712,3.4528461100625005,3.040591840591072,4.637866872092726,0.5364682510790877,True,True
strong,M3,nominal_01,nominal,0.0592351009749546,0.5493755027211451,1.3759800830679902,3.162201868159594,2.7909650500905654,4.628022444215379,0.5358994555188374,True,True
strong,M3,nominal_02,nominal,0.05591344811751795,0.5477515875249543,1.4023658813677475,3.2105042841931035,2.8330921907702695,4.630551656928696,0.5357174443463429,True,True
strong,M3,nominal_03,nominal,0.05633666280320632,0.5454969857854925,1.4533191887013288,3.308707832113615,2.9157065483843705,4.623263116728674,0.5354773421974223,True,True
strong,M3,nominal_04,nominal,0.056772423302622575,0.5551039202094034,1.4435147131778774,3.290297872364478,2.8999199723254017,4.620173603632849,0.5351493084144328,True,True
strong,M3,nominal_05,nominal,0.051533735991493725,0.5140893503710702,1.488134786503982,3.37036266246344,2.971216934013041,4.641132730508477,0.5363971214597983,True,True
strong,M3,nominal_06,nominal,0.06005184553957133,0.5967379816793541,1.4099320891681584,3.2279677155967046,2.846038432040043,4.604814286658807,0.533692741843469,True,True
strong,M3,nominal_07,nominal,0.062460685640164,0.5729649554451144,1.3841634606691384,3.1806929478199053,2.805115102665106,4.612181820289591,0.5349371822718219,True,True
strong,M3,nominal_08,nominal,0.053313340161328084,0.5144566425484545,1.4620295277656874,3.322747114872668,2.92932039609201,4.639402657024387,0.5366330196792857,True,True
strong,M3,nominal_09,nominal,0.06158629956181114,0.572108779802588,1.3837632644219686,3.179101253398599,2.804139061446722,4.614369265411951,0.5349417733488059,True,True
strong,M3,heavy_00,heavy,0.07914548572618609,0.7423126417061626,1.3681370505828585,3.160917648765157,2.7846225723535105,4.529345774468294,0.5282257908137469,True,True
strong,M3,heavy_01,heavy,0.06804278228048828,0.693949023552082,1.4422854741479267,3.2964750519956088,2.8998125623960904,4.551557316899024,0.5295475446565172,True,True
strong,M3,heavy_02,heavy,0.06944624266502228,0.6513395161168903,1.4102860889274698,3.236641908410642,2.8495616357366504,4.568160202690426,0.531665335011461,True,True
strong,M3,heavy_03,heavy,0.07729233016297245,0.7373913897314093,1.4010790212220332,3.224305736512215,2.8374623865872337,4.527158170801674,0.5282262289534981,True,True
strong,M3,heavy_04,heavy,0.07845745095492238,0.7289642303194339,1.3555422508879957,3.1355872545500403,2.7636812012158716,4.53792123441879,0.5288444315034583,True,True
strong,M3,heavy_05,heavy,0.06790300645524454,0.6652826248196767,1.4089647508099388,3.2320977652361282,2.846349177312722,4.567053907774408,0.5309970999426118,True,True
strong,M3,heavy_06,heavy,0.06665620825745287,0.70641901751796,1.4753863422291171,3.358915330791029,2.9521657749744428,4.5447756044684455,0.5287530409696681,True,True
strong,M3,heavy_07,heavy,0.07062427320341486,0.7239734665963193,1.4673768670572975,3.3471824943803776,2.9407970155349274,4.532468278946922,0.528200240511626,True,True
strong,M3,heavy_08,heavy,0.08390558728374549,0.7879505043235953,1.3406977195834007,3.109446566339105,2.7414856354868498,4.513374000705058,0.5264534994892097,True,True
strong,M3,heavy_09,heavy,0.06985595706506323,0.6702185848493307,1.4084944424119392,3.2330761899845766,2.8464841386951836,4.561612744545578,0.5308571665634243,True,True
strong,M3,handling_00,handling,0.05168701886733066,0.4427957003494704,1.593820915588856,3.5631198585292543,3.1415751035093855,4.673896194923847,0.5383970205077186,True,True
strong,M3,handling_01,handling,0.05030901799982575,0.454633395491305,1.584843174651361,3.546182588667544,3.127132044299603,4.6702388805995705,0.5379714424883216,True,True
strong,M3,handling_02,handling,0.05243833849263894,0.43339127940399486,1.5947110380346774,3.56500898516345,3.1429589866865264,4.676867122665195,0.5387865157711743,True,True
strong,M3,handling_03,handling,0.06153546057243311,0.4122044064189973,1.683101311402172,3.7288373616909154,3.2855571888502504,4.683037504380451,0.5389454308172148,True,True
strong,M3,handling_04,handling,0.064079962395564,0.37568671292425937,1.6849048387448773,3.732216643405659,3.2884302036764304,4.697248020374623,0.5404480990268031,True,True
strong,M3,handling_05,handling,0.05460741797512183,0.4057203665952158,1.6202028858684812,3.611160463538023,3.1841852141428872,4.689446470455905,0.5397066805248891,True,True
strong,M3,handling_06,handling,0.05488441056602669,0.4506327114825848,1.6291099578640131,3.629497008229115,3.198422478530099,4.668000208751665,0.5377954857124029,True,True
strong,M3,handling_07,handling,0.05806037115460069,0.4702806625628636,1.6659087191251734,3.698729881446139,3.2575490488974954,4.657283034169494,0.5367065222165562,True,True
strong,M3,handling_08,handling,0.052906367501051675,0.4331050930993178,1.5862583771162735,3.550271518765254,3.1293160859438878,4.6750199362445874,0.5388808941638837,True,True
strong,M3,handling_09,handling,0.05565276741594204,0.4089398580385412,1.6254846654524986,3.621702264067442,3.1926472223670186,4.686403219657164,0.5395459929349474,True,True
strong,M4,nominal_00,nominal,0.05685737504223595,0.5055339566864268,1.5306883561988018,3.4525459198035087,3.039533495265778,4.635023785990864,0.5361245999190264,True,True
strong,M4,nominal_01,nominal,0.05623085341690672,0.5490163936957919,1.375566813324474,3.161777496064518,2.7896363172782133,4.625121306824713,0.5355522711643208,True,True
strong,M4,nominal_02,nominal,0.05351884610363562,0.5473846918097144,1.4019393681304237,3.21007076105995,2.8317846479217876,4.627524055288656,0.5353578928571281,True,True
strong,M4,nominal_03,nominal,0.055673629949325246,0.5451327091166831,1.4528872317645989,3.3083519656892193,2.914394617602257,4.620313400724507,0.5351211801072944,True,True
strong,M4,nominal_04,nominal,0.05563277999239315,0.5547299025368096,1.443073732485469,3.2899108297670843,2.898556155410235,4.617156683840011,0.5347860688971732,True,True
strong,M4,nominal_05,nominal,0.05252272864568624,0.5137427316274011,1.4877163929617303,3.3700033800601936,2.9700817684819283,4.638169847717201,0.5360449728755367,True,True
strong,M4,nominal_06,nominal,0.05723907849508345,0.5963214252143377,1.4094538285661138,3.2274183393655087,2.844466644441911,4.601640672399335,0.5333136556516795,True,True
strong,M4,nominal_07,nominal,0.059487938061522985,0.5725869041558564,1.3837299615409429,3.1802825967689885,2.8036528773512677,4.609245129634785,0.5345930852329612,True,True
strong,M4,nominal_08,nominal,0.053389749579688346,0.5141187155435276,1.4616255931937199,3.322415883120608,2.928201089053509,4.636572337297525,0.5362935468503239,True,True
strong,M4,nominal_09,nominal,0.058554082533471635,0.5717288432894075,1.3833277368859158,3.1786651520652334,2.8026722455422597,4.611389864419,0.5345941194446345,True,True
strong,M4,heavy_00,heavy,0.06242228914270262,0.7404970817786475,1.3660553089817333,3.155797293559396,2.7765262713542858,4.5151493350223735,0.5264790634740717,True,True
strong,M4,heavy_01,heavy,0.05731928306241154,0.6923090904868977,1.4402201306562434,3.2915174906806017,2.8921709257844994,4.537864758881873,0.5278660264093732,True,True
strong,M4,heavy_02,heavy,0.05803190369495336,0.6498537858743352,1.4083843681466968,3.23202178241366,2.8425293262407987,4.5550558205046885,0.5300547971195725,True,True
strong,M4,heavy_03,heavy,0.0625784090572908,0.7355895651378169,1.3989452722473639,3.2190873173227255,2.82921069747525,4.513031653209237,0.5264836390312666,True,True
strong,M4,heavy_04,heavy,0.0614593469453212,0.7272022504373363,1.3535240517129583,3.13067732216106,2.7558970677600674,4.523893292241469,0.5271213689419445,True,True
strong,M4,heavy_05,heavy,0.055908454419260754,0.6637500752299041,1.4070386000851753,3.227439046947974,2.8392420452877087,4.553796040329892,0.5293622760472898,True,True
strong,M4,heavy_06,heavy,0.057906427112252655,0.7047295019540145,1.4732285270363925,3.35378955551559,2.9443024668366085,4.5308518651252445,0.5270523344276716,True,True
strong,M4,heavy_07,heavy,0.06060293398229419,0.7222166628571952,1.4651698768462147,3.3418760606833686,2.9325642274742383,4.518393036347272,0.5264709950070365,True,True
strong,M4,heavy_08,heavy,0.06435889871691704,0.7859596364302504,1.3385484495542075,3.104143901889654,2.7328993755545046,4.498674733082156,0.5246470680361176,True,True
strong,M4,heavy_09,heavy,0.05769878691686497,0.668667189930783,1.4065477597413574,3.2283308788181935,2.839235450056602,4.548338046584297,0.5292141085851858,True,True
strong,M4,handling_00,handling,0.054756234112725045,0.44434278713159137,1.5965681847317839,3.570817820910684,3.1513381849101267,4.693468143729144,0.5407840143682973,True,True
strong,M4,handling_01,handling,0.05503439866413304,0.4562205727513015,1.5875863309160243,3.553837019504536,3.136855820200763,4.689981190010327,0.5403740950395197,True,True
strong,M4,handling_02,handling,0.054983976816007356,0.4349090769778838,1.5974496776565317,3.5727528624954443,3.1527316927552014,4.696324483778637,0.5411653102020468,True,True
strong,M4,handling_03,handling,0.053828612779866745,0.4136216044340585,1.68597580538336,3.736863021142165,3.295651803076924,4.701938818789362,0.5412431234750807,True,True
strong,M4,handling_04,handling,0.05526965012157856,0.3769844134793194,1.6877165343550937,3.740093728171155,3.2983863789729213,4.715878557818364,0.5426935404879812,True,True
strong,M4,handling_05,handling,0.05243932805483332,0.4071270126189794,1.6229152497801662,3.618771136021446,3.193766179846975,4.708518482276128,0.5420045149244798,True,True
strong,M4,handling_06,handling,0.05456893131596055,0.4522027388704065,1.631964314787373,3.637433123445544,3.2085255417127905,4.687681720857139,0.540186927366357,True,True
strong,M4,handling_07,handling,0.054986905042337324,0.4719143545120448,1.668898959009524,3.7070044501998765,3.2680676242574576,4.677089979071516,0.5391062177346753,True,True
strong,M4,handling_08,handling,0.056721547893877775,0.4346338617587027,1.5890017418970233,3.558111830849708,3.1390501608829693,4.694591975257002,0.54128526055428,True,True
strong,M4,handling_09,handling,0.05338133847594494,0.41036225699619117,1.6282313938098798,3.6293904270161277,3.202393083361156,4.705542915116374,0.5418629467547885,True,True
strong,M5,nominal_00,nominal,0.06823800658865709,0.5058117049253724,1.5307610478697926,3.4494966885787957,29.578740694601628,4.7887507331656884,0.5590659463846746,True,True
strong,M5,nominal_01,nominal,0.06870894524782217,0.5493057402872445,1.3756349185863228,3.158981453606308,30.195766836525312,4.796924508845389,0.5613766951448718,True,True
strong,M5,nominal_02,nominal,0.06624009456874537,0.5476721913830876,1.402002975071781,3.207216923620132,30.225111241733348,4.794486193598773,0.5607881480812003,True,True
strong,M5,nominal_03,nominal,0.06802549611003617,0.5454212499912449,1.4529624210097607,3.3054208821465334,30.127796738708184,4.780606076995773,0.5587709121428288,True,True
strong,M5,nominal_04,nominal,0.06810430303795127,0.5550205497679065,1.44314852732714,3.2869890938527297,30.275639748895887,4.777532134301923,0.558481738690676,True,True
strong,M5,nominal_05,nominal,0.06470192864428606,0.514021164054828,1.4877798794560517,3.367069443068397,29.756560019158368,4.7962334289885495,0.5602263193160542,True,True
strong,M5,nominal_06,nominal,0.06994902070891594,0.5966215111902445,1.4095304602465608,3.2245229745977366,30.887573085703107,4.761083644018399,0.5568097121648125,True,True
strong,M5,nominal_07,nominal,0.07183617540617837,0.5728835786729048,1.383810405295163,3.1774122440292745,30.472314401219762,4.777346247921882,0.559043072824032,True,True
strong,M5,nominal_08,nominal,0.06565161003966549,0.5143986011768806,1.4616925248748092,3.3194828812562265,29.711115272981942,4.79918989787838,0.5608472736665983,True,True
strong,M5,nominal_09,nominal,0.0709790620424575,0.5720246303206906,1.3834048401477343,3.175791516737284,30.485340121960146,4.7793002333762455,0.5592515147217499,True,True
strong,M5,heavy_00,heavy,0.07218410164181553,0.740771364395514,1.366121178928939,3.1532354921819414,26.546278235060672,4.6286934504436505,0.5388099412169899,True,True
strong,M5,heavy_01,heavy,0.06692472613339764,0.6925719381171754,1.4402724960033928,3.288909437360014,25.97523652489555,4.646907461813135,0.5403380538625123,True,True
strong,M5,heavy_02,heavy,0.06741832457689735,0.6501100187039307,1.4084364624139232,3.2294558554126045,25.311702330401832,4.674378934389681,0.543756246786657,True,True
strong,M5,heavy_03,heavy,0.07225790358067025,0.7358635278090789,1.3990147497680383,3.216480709194339,26.447403307139613,4.623573826167563,0.538020159595978,True,True
strong,M5,heavy_04,heavy,0.07120813749861774,0.7274734922188919,1.3535847595059294,3.128141565273747,26.39129121708653,4.640315183082498,0.5402196494677846,True,True
strong,M5,heavy_05,heavy,0.06553919791352608,0.6640073575791615,1.4070850269885697,3.2249021626764764,25.58427296865374,4.67042449274439,0.5432544511166002,True,True
strong,M5,heavy_06,heavy,0.06739365737945685,0.7049941870274815,1.4732821512724232,3.3511183607449806,26.16533921091049,4.634265962990883,0.538668298741908,True,True
strong,M5,heavy_07,heavy,0.07009116103980799,0.7224864355903439,1.465233286936104,3.3391665240411545,26.326970362880342,4.621782211654081,0.5373465284431956,True,True
strong,M5,heavy_08,heavy,0.07426332849632349,0.7862416561693963,1.3386171670200329,3.101541951133458,27.19231615032945,4.608978495141644,0.5367067423767712,True,True
strong,M5,heavy_09,heavy,0.06724045609683146,0.6689265227825179,1.4065996828753298,3.2257503779779797,25.603481386473458,4.665150843653557,0.5426882713996161,True,True
strong,M5,handling_00,handling,0.06994930576514717,0.44464831201196575,1.5966650942330913,3.5672733927999967,34.18400675406699,4.876241186341399,0.5709102700022584,True,True
strong,M5,handling_01,handling,0.07028504119634428,0.4565290039835443,1.5876811119284624,3.5503297991028058,34.361733510608445,4.872180403716387,0.5704689100474364,True,True
strong,M5,handling_02,handling,0.07007662017375743,0.43521242567731655,1.5975482929503904,3.5691812591319843,34.0355666087951,4.8806066948995,0.571458431204242,True,True
strong,M5,handling_03,handling,0.06844692336117654,0.4139170508043018,1.6860778840908843,3.7331812998702256,33.7901054152305,4.875618010925688,0.5701119481229642,True,True
strong,M5,handling_04,handling,0.06928380067005108,0.3772692601256995,1.6878212480340113,3.7364468485324345,33.22172007474521,4.894587779880038,0.5724487653681674,True,True
strong,M5,handling_05,handling,0.06752853219053005,0.4074210854978953,1.6230109892924593,3.6152264818946414,33.671146666666466,4.892492640082799,0.572659878013498,True,True
strong,M5,handling_06,handling,0.06978177874318017,0.452510257132626,1.6320655225690204,3.633841461442144,34.30331965318327,4.863939595641547,0.5691361366524065,True,True
strong,M5,handling_07,handling,0.07018923771749193,0.4722267412478777,1.6690041877541955,3.7033203213903705,34.594526303070346,4.845203407826134,0.5665852389111597,True,True
strong,M5,handling_08,handling,0.0716237424923154,0.43493831861865,1.5891044315198513,3.5545682468673245,33.99543237915418,4.880740137208876,0.571596152212224,True,True
strong,M5,handling_09,handling,0.068366604305426,0.4106578597950863,1.6283303826195379,3.625838184699587,33.702019298611624,4.8884852483830645,0.5721560934033122,True,True
