speed_mps,a00,a01,a10,a11,b00,b10,continuous_pole_1_real,continuous_pole_1_imag,continuous_pole_2_real,continuous_pole_2_imag,discrete_pole_radius_max,beta_dc_gain_rad_per_rad,yaw_rate_dc_gain_per_s,kinematic_yaw_gain_per_s,controllability_sigma_min,controllability_condition,a_condition,ad_condition
10.0,-10.666666666666666,-0.7866666666666666,12.8,-12.8,5.333333333333333,38.4,-11.733333333333334,2.9885708215726714,-11.733333333333334,-2.9885708215726714,0.8892887141815992,0.25960419091967407,3.259604190919674,3.5714285714285716,2.50586372041504,173.13398765264927,2.6361307812224384,1.1296627498243295
10.1,-10.561056105610561,-0.7908701761265235,12.8,-12.673267326732674,5.2805280528052805,38.4,-11.617161716171616,3.0012962522485114,-11.617161716171616,-3.0012962522485114,0.8903224155796602,0.25389377779972894,3.286432715577726,3.607142857142857,2.548609588085445,168.55016183923186,2.6562803511355555,1.1295744683177114
10.2,-10.457516339869283,-0.7949506600025631,12.8,-12.549019607843137,5.2287581699346415,38.4,-11.50326797385621,3.013597844445486,-11.50326797385621,-3.013597844445486,0.8913370147702542,0.24814681623609394,3.3131097525608157,3.642857142857143,2.5911659678148578,164.16281078241528,2.676508323491962,1.12948873877953
10.3,-10.35598705501618,-0.7989128727181325,12.8,-12.427184466019417,5.17799352750809,38.4,-11.391585760517799,3.0254950160189433,-11.391585760517799,-3.0254950160189433,0.8923330357622712,0.24236379900818394,3.3396347129784294,3.6785714285714293,2.633537643189094,159.9601966795998,2.6968135178766057,1.1294054640407312
10.4,-10.256410256410257,-0.8027613412228798,12.8,-12.307692307692308,5.128205128205129,38.4,-11.282051282051281,3.037006034596389,-11.282051282051281,-3.037006034596389,0.893310983596431,0.2365452191603479,3.3660070279267615,3.714285714285715,2.675729214684079,155.93148275164455,2.7171947543959676,1.1293245515027495
10.5,-10.158730158730158,-0.8065003779289494,12.8,-12.19047619047619,5.079365079365079,38.4,-11.174603174603174,3.0481481022272545,-11.174603174603174,-3.0481481022272545,0.894271345194717,0.23069156991418435,3.3922261484098937,3.7500000000000004,2.7177451080889767,152.0666489606406,2.737650853654442,1.1292459128824641
10.6,-10.062893081761006,-0.8101340927969621,12.8,-12.075471698113208,5.031446540880503,38.4,-11.069182389937108,3.058937432516655,-11.069182389937108,-3.058937432516655,0.8952145901646327,0.22480334458175483,3.41829154525666,3.785714285714286,2.7595895824731227,148.3564169896459,2.7581806367459465,1.1291694639735739
10.7,-9.968847352024923,-0.8136664046350481,12.8,-11.962616822429906,4.984423676012462,38.4,-10.965732087227412,3.0693893210293273,-10.965732087227412,-3.0693893210293273,0.8961411715610538,0.21888103647969412,3.4442027090332727,3.8214285714285716,2.801266737725162,144.7921833197098,2.7787829252595957,1.129095124423199
10.8,-9.876543209876543,-0.817101051668953,12.8,-11.851851851851851,4.938271604938271,38.4,-10.8641975308642,3.0795182096550455,-10.8641975308642,-3.0795182096550455,0.8970515266082568,0.21292513884426503,3.4699591499518063,3.8571428571428577,2.8427805216909032,141.3659594038401,2.799456541298454,1.1290228175226142
10.9,-9.785932721712538,-0.8204416014364672,12.8,-11.743119266055047,4.892966360856269,38.4,-10.764525993883794,3.0893377455448183,-10.764525993883794,-3.0893377455448183,0.8979460773845304,0.20693614474735333,3.495560397774615,3.8928571428571432,2.884134736934341,138.0703180762734,2.820200307510337,1.1289524700110918
11.0,-9.696969696969697,-0.8236914600550964,12.8,-11.636363636363637,4.848484848484849,38.4,-10.666666666666664,3.0988608351563243,-10.666666666666664,-3.0988608351563243,0.8988252314716089,0.20091454701343228,3.5210060017147753,3.928571428571429,2.925333047144649,134.89834545284828,2.8410130471297967,1.1288840118919425
11.1,-9.60960960960961,-0.826853880907935,12.8,-11.531531531531531,4.804804804804805,38.4,-10.57057057057057,3.108099693885407,-10.57057057057057,-3.108099693885407,0.8996893825710157,0.19486083813751007,3.5462955303326362,3.9642857142857144,2.9663789832106144,131.84359767801215,2.861893584030386,1.1288173762598765
11.2,-9.523809523809524,-0.8299319727891157,12.8,-11.428571428571429,4.761904761904762,38.4,-10.476190476190478,3.1170658917069165,-10.476190476190478,-3.1170658917069165,0.900538911089262,0.18877551020408198,3.5714285714285716,4.0,3.007275948982144,128.90006195896507,2.882840742786417,1.128752499138914
11.3,-9.43952802359882,-0.8329287075469236,12.8,-11.327433628318584,4.71976401179941,38.4,-10.3834808259587,3.1257703952014047,-10.3834808259587,-3.1257703952014047,0.9013741846937252,0.1826590548070939,3.596404731932016,4.0357142857142865,3.0480272267376725,126.06212139998613,2.903853348743455,1.1286893193301035
11.4,-9.35672514619883,-0.8358469272596696,12.8,-11.228070175438596,4.678362573099415,38.4,-10.292397660818711,3.1342236063032702,-10.292397660818711,-3.1342236063032702,0.9021955588408992,0.17651196297094598,3.6212236377868785,4.071428571428572,3.0886359823744485,123.32452321216599,2.9249302280968226,1.1286277782683853
11.5,-9.27536231884058,-0.8386893509766855,12.8,-11.130434782608695,4.63768115942029,38.4,-10.202898550724639,3.1424353980700865,-10.202898550724639,-3.1424353980700865,0.9030033772786038,0.1703347250725365,3.645884933833417,4.107142857142858,3.129105270337968,120.68234992711977,2.946070207977476,1.128567819887971
11.6,-9.195402298850574,-0.8414585810543005,12.8,-11.03448275862069,4.597701149425287,38.4,-10.114942528735632,3.1504151477413225,-10.114942528735632,-3.1504151477413225,0.9037979725236421,0.1641278307643627,3.6703882836866604,4.142857142857143,3.1694380383057825,118.1309932892018,2.9672721165445792,1.1285093904956727
11.7,-9.116809116809117,-0.844157109114374,12.8,-10.94017094017094,4.5584045584045585,38.4,-10.028490028490026,3.1581717673268894,-10.028490028490026,-3.1581717673268894,0.9045796663162853,0.15789176889871387,3.694733369611495,4.178571428571429,3.2096371316393495,115.66613054041824,2.9885347830842273,1.128452438651645
11.8,-9.03954802259887,-0.8467873216508666,12.8,-10.847457627118644,4.519774011299435,38.4,-9.943502824858754,3.165713731941405,-9.943502824858754,-3.165713731941405,0.9053487700528914,0.15162702745292253,3.7189198923944486,4.214285714285714,3.2497052976179437,113.28370284648862,3.0098570381137266,1.1283969150570525
11.9,-8.96358543417367,-0.8493515053080056,12.8,-10.756302521008404,4.481792717086835,38.4,-9.859943977591037,3.1730491060784374,-9.859943977591037,-3.1730491060784374,0.9061055851978713,0.1453340934557394,3.7429475712123295,4.25,3.289645189465789,110.9798956423222,3.0312377134909436,1.1283427724482094
12.0,-8.88888888888889,-0.8518518518518519,12.8,-10.666666666666666,4.444444444444445,38.4,-9.777777777777779,3.1801855679997013,-9.777777777777779,-3.1801855679997013,0.9068504036761394,0.1390134529147987,3.7668161434977585,4.285714285714286,3.3294593701851727,108.75112070093348,3.052675642528181,1.1282899654967555
12.1,-8.81542699724518,-0.8542904628554516,12.8,-10.578512396694215,4.40771349862259,38.4,-9.696969696969695,3.187130432397172,-9.696969696969695,-3.187130432397172,0.9075835082471246,0.13266559074521092,3.790525364801705,4.321428571428571,3.369150316205419,106.59399975240473,3.0741696601101927,1.1282384507155057
12.2,-8.743169398907105,-0.856669354116277,12.8,-10.491803278688524,4.371584699453552,38.4,-9.617486338797814,3.1938906714708466,-9.617486338797814,-3.1938906714708466,0.9083051728613356,0.12629099069928393,3.8140750086531265,4.357142857142857,3.4087204208585735,104.50534949908722,3.0957186028157846,1.1281881863695755
12.3,-8.672086720867208,-0.8589904598232975,12.8,-10.40650406504065,4.336043360433604,38.4,-9.539295392953928,3.20047293455136,-9.539295392953928,-3.20047293455136,0.9090156630004265,0.11989013529737837,3.8374648664157753,4.392857142857143,3.448171997690692,102.48216789045162,3.1173213090427243,1.1281391323924754
12.4,-8.602150537634408,-0.8612556364897677,12.8,-10.32258064516129,4.301075268817204,38.4,-9.46236559139785,3.206883566384627,-9.46236559139785,-3.206883566384627,0.9097152360016453,0.11346350575990763,3.8606947471422854,4.428571428571429,3.4875072836182683,100.521621536007,3.138976619135447,1.128091250306843
12.5,-8.533333333333333,-0.8634666666666666,12.8,-10.24,4.266666666666667,38.4,-9.386666666666667,3.213128624184777,-9.386666666666667,-3.213128624184777,0.9104041413674943,0.10701158194049522,3.883764477425619,4.464285714285714,3.52672844193774,98.62103414795068,3.1606833755152834,1.1280445031495299
12.6,-8.465608465608465,-0.8656252624506593,12.8,-10.158730158730158,4.232804232804233,38.4,-9.312169312169313,3.2192138935520616,-9.312169312169313,-3.2192138935520616,0.9110826210613803,0.10053484226029014,3.9066739012479657,4.5,3.565837565195891,96.77787591681464,3.182440422812813,1.1279988554007678
12.7,-8.398950131233596,-0.8677330687994709,12.8,-10.078740157480315,4.199475065616798,38.4,-9.238845144356956,3.2251449033436845,-9.238845144356956,-3.2251449033436845,0.911750909789989,0.09403376364344589,3.929422879827176,4.535714285714286,3.6048366779292387,94.98975373359113,3.2042466080020313,1.1279542729171683
12.8,-8.333333333333334,-0.8697916666666667,12.8,-10.0,4.166666666666667,38.4,-9.166666666666668,3.2309269395776954,-9.166666666666668,-3.2309269395776954,0.9124092352730778,0.08750882145377517,3.952011291460832,4.571428571428572,3.643727739278215,93.25440218090398,3.226100780536032,1.1279107228683147
12.9,-8.268733850129198,-0.8718025759669892,12.8,-9.922480620155039,4.134366925064599,38.4,-9.095607235142118,3.236565058443092,-9.095607235142118,-3.236565058443092,0.9130578185013262,0.08096048943258059,3.974439031368029,4.607142857142858,3.682512645483839,91.56967522371566,3.24800179248389,1.1278681736767344
13.0,-8.205128205128204,-0.873767258382643,12.8,-9.846153846153847,4.102564102564102,38.4,-9.025641025641026,3.242064098482929,-9.025641025641026,-3.242064098482929,0.913696873982864,0.07438923963766154,3.9967060115289597,4.642857142857143,3.7211932322721513,89.93353853718891,3.2699484986685206,1.1278265949610389
13.1,-8.142493638676845,-0.8756871200202008,12.8,-9.770992366412214,4.071246819338422,38.4,-8.956743002544531,3.2474286920115194,-8.956743002544531,-3.2474286920115194,0.9143266099790478,0.06779554238351256,4.018812160522401,4.678571428571429,3.759771277132719,88.3440624155574,3.291939756805203,1.1277859574820541
13.2,-8.080808080808081,-0.8775635139271503,12.8,-9.696969696969697,4.040404040404041,38.4,-8.88888888888889,3.2526632758216754,-8.88888888888889,-3.2526632758216754,0.9149472287300311,0.061179866182708986,4.040757423361176,4.714285714285714,3.7982485014963947,86.79941521145517,3.3139744276405736,1.12774623309175
13.3,-8.020050125313283,-0.8793977424764919,12.8,-9.62406015037594,4.010025062656641,38.4,-8.822055137844611,3.257772101233252,-8.822055137844611,-3.257772101233252,0.9155589266706371,0.05454267768847464,4.062541761325671,4.750000000000001,3.8366265728175355,85.29785726010245,3.3360513750918077,1.1277073946848164
13.4,-7.960199004975125,-0.881191059627237,12.8,-9.552238805970148,3.9800995024875623,38.4,-8.756218905472636,3.2627592435300166,-8.756218905472636,-3.2627592435300166,0.916161894637019,0.04788444163845603,4.084165151795531,4.7857142857142865,3.874907106565536,83.83773524716929,3.3581694663858475,1.127669416152717
13.5,-7.901234567901234,-0.8829446730681298,12.8,-9.481481481481481,3.950617283950617,38.4,-8.691358024691356,3.267628610828056,-8.691358024691356,-3.267628610828056,0.9167563180645592,0.041205620799674235,4.10562758807956,4.821428571428572,3.913091668130287,82.41747698307803,3.3803275721984187,1.127632272340093
13.6,-7.8431372549019605,-0.8846597462514417,12.8,-9.411764705882353,3.9215686274509802,38.4,-8.627450980392156,3.2723839524154474,-8.627450980392156,-3.2723839524154474,0.9173423771774426,0.03450667591468674,4.126929079243974,4.857142857142858,3.951181774645634,81.03558655003641,3.402524566792639,1.127595939003366
13.7,-7.785888077858881,-0.886337400323228,12.8,-9.343065693430656,3.8929440389294405,38.4,-8.564476885644767,3.2770288665997227,-8.564476885644767,-3.2770288665997227,0.9179202471703055,0.027788065648933474,4.148069649939039,4.892857142857143,3.9891788967353228,79.69063979123423,3.424759328157114,1.127560392771425
13.8,-7.729468599033816,-0.8879787159560317,12.8,-9.27536231884058,3.864734299516908,38.4,-8.502415458937199,3.2815668080968137,-8.502415458937199,-3.2815668080968137,0.9184900983823429,0.021050246539278908,4.169049340224205,4.928571428571429,4.02708446018457,78.38128011448187,3.447030738143256,1.1275256111082688
13.9,-7.6738609112709835,-0.8895847350896261,12.8,-9.20863309352518,3.8369304556354917,38.4,-8.44124700239808,3.2860010949924954,-8.44124700239808,-3.2860010949924954,0.9190520964642409,0.01429367294375388,4.189868205391818,4.964285714285714,4.064899847541771,77.10621458507673,3.4693376826017563,1.127491572277505
14.0,-7.619047619047619,-0.891156462585034,12.8,-9.142857142857142,3.8095238095238093,38.4,-8.38095238095238,3.2903349153050185,-8.38095238095238,-3.2903349153050185,0.9196064025382745,0.00751879699248098,4.2105263157894735,5.0,4.102626399652891,75.86421028499228,3.4916790515179814,1.12745825530859
14.100000000000001,-7.565011820330968,-0.8926948677967239,12.8,-9.078014184397164,3.782505910165484,38.4,-8.321513002364068,3.294571333175318,-8.321513002364068,-3.294571333175318,0.9201531733518907,0.0007260685397985718,4.2310237566411155,5.0357142857142865,4.140265417132468,74.65409091750594,3.5140537391462363,1.1274256399647233
14.2,-7.511737089201878,-0.8942008860675792,12.8,-9.014084507042254,3.755868544600939,38.4,-8.262910798122066,3.298713294709333,-8.262910798122066,-3.298713294709333,0.920692561425091,-0.006084064882435257,4.251360627866942,5.071428571428571,4.177818161773683,73.47473363825033,3.5364606441427053,1.1273937067122919
14.3,-7.459207459207459,-0.8956754201509446,12.8,-8.951048951048952,3.7296037296037294,38.4,-8.205128205128204,3.302763633495005,-8.205128205128204,-3.302763633495005,0.9212247151919003,-0.012911158110345893,4.271537043902205,5.107142857142858,4.215285857900941,72.32506609531596,3.5588986696969793,1.127362436691795
14.4,-7.407407407407407,-0.897119341563786,12.8,-8.88888888888889,3.7037037037037037,38.4,-8.148148148148149,3.3067250758149402,-8.148148148148149,-3.3067250758149402,0.9217497791361924,-0.0197547683923705,4.291553133514986,5.142857142857143,4.252669693667315,71.2040636625525,3.5813667236620406,1.1273318116901545
14.5,-7.35632183908046,-0.8985334918747523,12.8,-8.827586206896552,3.67816091954023,38.4,-8.091954022988507,3.310600245574133,-8.091954022988507,-3.310600245574133,0.9222678939221405,-0.0266144554324019,4.311409039623017,5.178571428571429,4.289970822299433,70.11074685156608,3.6038637186826135,1.127301814114343
14.600000000000001,-7.305936073059359,-0.8999186839306937,12.8,-8.767123287671232,3.6529680365296797,38.4,-8.036529680365295,3.314391668960773,-8.036529680365295,-3.314391668960773,0.9227791965195343,-0.033489781431765175,4.331104919109623,5.214285714285715,4.3271903632926065,69.04417888913368,3.626388572321776,1.1272724269662597
14.7,-7.2562358276643995,-0.9012757030249742,12.8,-8.70748299319728,3.6281179138321997,38.4,-7.98185941043084,3.318101778856831,-7.98185941043084,-3.318101778856831,0.9232838203242,-0.04038031113001978,4.35064094263887,5.25,4.3643294035581315,68.00346344788008,3.6489402071857495,1.1272436338187783
14.8,-7.207207207207207,-0.9026053080107135,12.8,-8.64864864864865,3.6036036036036037,38.4,-7.927927927927929,3.32173291901395,-7.927927927927929,-3.32173291901395,0.9237818952737401,-0.04728561184460259,4.370017294469988,5.2857142857142865,4.401388998525198,66.98774251906192,3.6715175510467444,1.1272154187929202
14.9,-7.158836689038031,-0.9039082323619057,12.8,-8.590604026845638,3.5794183445190155,38.4,-7.874720357941833,3.325287348009074,-7.874720357941833,-3.325287348009074,0.9242735479588108,-0.05420525350930987,4.389234172271128,5.321428571428572,4.438370173199281,65.99619441722614,3.694119536963863,1.127187766536074
15.0,-7.111111111111111,-0.9051851851851852,12.8,-8.533333333333333,3.5555555555555554,38.4,-7.822222222222223,3.3287672429932216,-7.822222222222223,-3.3287672429932216,0.9247589017301325,-0.0611388087116241,4.408291786932564,5.357142857142858,4.475273923179269,65.02803190733486,3.716745103401892,1.1271606622012253
15.100000000000001,-7.064017660044149,-0.9064368521848457,12.8,-8.47682119205298,3.5320088300220744,38.4,-7.770419426048564,3.3321747032458946,-7.770419426048564,-3.3321747032458946,0.9252380768014203,-0.06808585272890515,4.427190362379353,5.392857142857144,4.512101215634914,64.08250044571496,3.7393931943479877,1.12713409142713
15.2,-7.017543859649122,-0.9076638965835642,12.8,-8.421052631578947,3.508771929824561,38.4,-7.719298245614034,3.3355117535467675,-7.719298245614034,-3.3355117535467675,0.9257111903484226,-0.07504596356342984,4.445930135383587,5.428571428571429,4.548852990246655,63.158876526870515,3.762062759426167,1.1271080403193894
15.3,-6.971677559912854,-0.9088669600011392,12.8,-8.366013071895425,3.485838779956427,38.4,-7.668845315904139,3.3387803473754687,-7.668845315904139,-3.3387803473754687,0.9261783566042272,-0.08201872197630684,4.46451135537625,5.464285714285715,4.585530160109154,62.256466128833885,3.784752754009535,1.1270824954323804
15.4,-6.926406926406926,-0.9100466632934165,12.8,-8.311688311688311,3.463203463203463,38.4,-7.619047619047619,3.341982369949602,-7.619047619047619,-3.341982369949602,0.92663968695101,-0.08900371152026809,4.482934284258787,5.500000000000001,4.622133612600578,61.374603250293156,3.807462139330227,1.127057443751993
15.5,-6.881720430107527,-0.9112036073534513,12.8,-8.258064516129032,3.4408602150537635,38.4,-7.56989247311828,3.3451196411104016,-7.56989247311828,-3.3451196411104016,0.9270952900083703,-0.09600051857133647,4.501199196214428,5.5357142857142865,4.658664210218733,60.51264853326814,3.830189882587003,1.1270328726791377
15.600000000000001,-6.837606837606836,-0.9123383738768355,12.8,-8.205128205128204,3.418803418803418,38.4,-7.52136752136752,3.3481939180648745,-7.52136752136752,-3.3481939180648745,0.9275452717184046,-0.1030087323593927,4.519306377519348,5.571428571428572,4.695122791385763,59.66998796557649,3.8529349570504494,1.1270087700139833
15.7,-6.794055201698514,-0.9134515260930126,12.8,-8.152866242038217,3.397027600849257,38.4,-7.473460721868365,3.351206897992617,-7.473460721868365,-3.351206897992617,0.9279897354276592,-0.11002794499763917,4.537256126353706,5.607142857142858,4.731510171222745,58.84603165777215,3.8756963421657415,1.1269851239408883
15.8,-6.751054852320675,-0.9145436094642952,12.8,-8.10126582278481,3.3755274261603376,38.4,-7.4261603375527425,3.3541602205250354,-7.4261603375527425,-3.3541602205250354,0.9284287819660902,-0.11705775151097075,4.555048752612666,5.642857142857143,4.767827142295323,58.040212689640626,3.8984730236529797,1.1269619230139891
15.9,-6.7085953878406706,-0.9156151523542054,12.8,-8.050314465408805,3.3542976939203353,38.4,-7.379454926624738,3.35705547010416,-7.379454926624738,-3.35705547010416,0.9288625097231626,-0.12409774986326592,4.572684577717407,5.678571428571429,4.804074475331781,57.25198602169796,3.921263993604995,1.1269391561434154
16.0,-6.666666666666667,-0.9166666666666666,12.8,-8.0,3.3333333333333335,38.4,-7.333333333333334,3.359894178227775,-7.333333333333334,-3.359894178227775,0.9292910147212036,-0.1311475409836066,4.590163934426229,5.714285714285714,4.8402529199148905,56.48082746747762,3.9440682505826743,1.1269168125821014
16.1,-6.625258799171841,-0.9176986484574926,12.8,-7.950310559006211,3.3126293995859206,38.4,-7.287784679089025,3.3626778255872,-7.287784679089025,-3.3626778255872,0.9297143906861297,-0.1382067287914284,4.6074871666458,5.750000000000001,4.876363205148083,55.72623272270474,3.9668847997077266,1.1268948819131628
16.2,-6.584362139917696,-0.9187115785195347,12.8,-7.901234567901234,3.292181069958848,38.4,-7.242798353909466,3.365407844103628,-7.242798353909466,-3.365407844103628,0.9301327291156528,-0.14527492022062946,4.62465462924258,5.785714285714286,4.912406040297682,54.9877164477286,3.9897126527528823,1.1268733540378095
16.3,-6.543967280163599,-0.919705922942778,12.8,-7.852760736196319,3.2719836400817996,38.4,-7.19836400817996,3.3680856188685353,-7.19836400817996,-3.3680856188685353,0.9305461193450718,-0.15235172524262194,4.641666687854526,5.821428571428572,4.94838211541194,54.2648113998542,4.0125508282295534,1.126852219163775
16.4,-6.504065040650407,-0.9206821336506048,12.8,-7.804878048780488,3.2520325203252036,38.4,-7.15447154471545,3.3707124899934193,-7.15447154471545,-3.3707124899934193,0.9309546486107464,-0.15943675688836528,4.658523718703081,5.857142857142857,4.98429210191758,53.55706761245321,4.035398351472869,1.1268314677942322
16.5,-6.4646464646464645,-0.9216406489133762,12.8,-7.757575757575758,3.2323232323232323,38.4,-7.111111111111111,3.373289754373697,-7.111111111111111,-3.373289754373697,0.9313584021113518,-0.16652963126936948,4.67522610840554,5.892857142857143,5.02013665319528,52.86405161794765,4.058254254724154,1.1268110907171702
16.6,-6.425702811244979,-0.922581893840422,12.8,-7.710843373493976,3.2128514056224895,38.4,-7.068273092369477,3.375818667371366,-7.068273092369477,-3.375818667371366,0.9317574630670009,-0.1736299675976865,4.69177425378784,5.92857142857143,5.055916405134657,52.18534571197158,4.081117577210755,1.1267910789952171
16.7,-6.387225548902196,-0.9235062808514707,12.8,-7.664670658682635,3.193612774451098,38.4,-7.025948103792414,3.3783004444207347,-7.025948103792414,-3.3783004444207347,0.9321519127763189,-0.18073738820491062,4.708168561697799,5.964285714285714,5.091631976669469,51.52054725620051,4.103987365223302,1.1267714239558846
16.8,-6.349206349206349,-0.9244142101284958,12.8,-7.619047619047619,3.1746031746031744,38.4,-6.984126984126983,3.3807362625612667,-6.984126984126983,-3.3807362625612667,0.9325418306715562,-0.1878515185601797,4.724409448818898,6.000000000000001,5.127283970294273,50.8692680175072,4.126862672190347,1.126752117182213
16.9,-6.311637080867851,-0.9253060700489012,12.8,-7.57396449704142,3.1558185404339256,38.4,-6.942800788954637,3.3831272619013433,-6.942800788954637,-3.3831272619013433,0.9329272943718182,-0.19497198728721207,4.740497341484612,6.035714285714286,5.162872972562891,50.23113354126907,4.1497425587503685,1.1267331505037934
17.0,-6.2745098039215685,-0.9261822376009228,12.8,-7.529411764705882,3.1372549019607843,38.4,-6.901960784313726,3.385474547016523,-6.901960784313726,-3.385474547016523,0.933308379734479,-0.2020984261803648,4.75643267549338,6.071428571428572,5.198399554569663,49.60578255679474,4.172626092821219,1.1267145159881695
17.1,-6.237816764132552,-0.9270430787820754,12.8,-7.485380116959064,3.118908382066276,38.4,-6.861598440545809,3.387779188285687,-6.861598440545809,-3.387779188285687,0.9336851609048624,-0.20923047021974855,4.77221589592423,6.107142857142858,5.233864272413921,48.992866412977364,4.195512349666924,1.1266962059325698
17.2,-6.2015503875969,-0.9278889489814314,12.8,-7.441860465116279,3.10077519379845,38.4,-6.821705426356589,3.3900422231682144,-6.821705426356589,-3.3900422231682144,0.9340577103642487,-0.21636775758539786,4.7878474569531155,6.142857142857143,5.269267667648692,48.39204854240417,4.218400411961895,1.126678212855987
17.3,-6.165703275529865,-0.9287201933464756,12.8,-7.398843930635838,3.0828516377649327,38.4,-6.78227360308285,3.3922646574251973,-6.78227360308285,-3.3922646574251973,0.9344260989762743,-0.22350992967051456,4.80332782167001,6.178571428571429,5.304610267714074,47.80300395227268,4.241289369852592,1.1266605294915633
17.4,-6.130268199233718,-0.9295371471352446,12.8,-7.35632183908046,3.065134099616859,38.4,-6.743295019157088,3.3944474662875206,-6.743295019157088,-3.3944474662875206,0.9347903960317921,-0.23065663109379153,4.8186574618968026,6.214285714285714,5.339892586355598,47.2254187405727,4.264178321016565,1.1266431487792878
17.5,-6.095238095238095,-0.9303401360544218,12.8,-7.314285714285714,3.0476190476190474,38.4,-6.704761904761904,3.3965915955734487,-6.704761904761904,-3.3965915955734487,0.9351506692922462,-0.2378075097108331,4.833836858006042,6.25,5.375115124028933,46.65898963608569,4.287066370718959,1.1266260638589745
17.6,-6.06060606060606,-0.931129476584022,12.8,-7.2727272727272725,3.03030303030303,38.4,-6.666666666666665,3.398697962758228,-6.666666666666665,-3.398697962758228,0.9355069850316174,-0.2449622166246853,4.848866498740554,6.2857142857142865,5.410278368290598,46.10342356085905,4.309952631866457,1.1266092680635207
17.7,-6.0263653483992465,-0.931905476289274,12.8,-7.231638418079096,3.0131826741996233,38.4,-6.629001883239171,3.400767457998097,-6.629001883239171,-3.400767457998097,0.9358594080770014,-0.2521204061954869,4.863746881033988,6.321428571428571,5.445382794175812,45.55843721388709,4.3328362250587045,1.1265927549124306
17.8,-5.992509363295881,-0.932668434120271,12.8,-7.191011235955056,2.9962546816479403,38.4,-6.591760299625468,3.4028009451108927,-6.591760299625468,-3.4028009451108927,0.9362080018478581,-0.25928173604925453,4.878478509832327,6.357142857142858,5.480428864563746,45.023756674818216,4.355716278637217,1.126576518105586
17.9,-5.9590316573556805,-0.9334186406999365,12.8,-7.150837988826815,2.9795158286778403,38.4,-6.554934823091247,3.404799262515415,-6.554934823091247,-3.404799262515415,0.9365528283940027,-0.26644586708581147,4.893061897916398,6.392857142857142,5.515417030530575,44.49911702658024,4.378591928731776,1.1265605515172634
18.0,-5.925925925925926,-0.934156378600823,12.8,-7.111111111111111,2.962962962962963,38.4,-6.518518518518518,3.406763224131511,-6.518518518518518,-3.406763224131511,0.9368939484323615,-0.2736124634858815,4.907497565725413,6.428571428571429,5.550347731691222,43.984261995881866,4.4014623193043585,1.1265448491903742
18.1,-5.89318600368324,-0.9348819226112349,12.8,-7.071823204419889,2.94659300184162,38.4,-6.482504604051565,3.4086936202427656,-6.482504604051565,-3.4086936202427656,0.937231421382558,-0.28078119271734936,4.921786041181598,6.464285714285715,5.585221396529541,43.47894361062059,4.424326602190617,1.1265294053309338
18.200000000000003,-5.86080586080586,-0.9355955399911444,12.8,-7.032967032967032,2.93040293040293,38.4,-6.446886446886446,3.4105912183236047,-6.446886446886446,-3.4105912183236047,0.9375653054013647,-0.2879517255407147,4.9359278595159,6.500000000000002,5.620038442718054,42.98292187327804,4.447183937138926,1.1265142143027351
18.3,-5.828779599271402,-0.9362974907183453,12.8,-6.994535519125683,2.914389799635701,38.4,-6.4116575591985425,3.412456763832474,-6.4116575591985425,-3.412456763832474,0.9378956574160586,-0.29512373601373687,4.9499235630948615,6.5357142857142865,5.6547992774272435,42.49596444944657,4.470033491847008,1.1264992706222234
18.4,-5.797101449275363,-0.9369880277252678,12.8,-6.956521739130435,2.8985507246376816,38.4,-6.3768115942029,3.4142909809727007,-6.3768115942029,-3.4142909809727007,0.938222533156733,-0.30229690149529836,4.963773701248651,6.571428571428571,5.689504297624665,42.01784637068148,4.492874441996184,1.1264845689535696
18.5,-5.7657657657657655,-0.9376673971268565,12.8,-6.918918918918919,2.8828828828828827,38.4,-6.342342342342342,3.41609457342255,-6.342342342342342,-3.41609457342255,0.9385459871875891,-0.30947090264849,4.977478830100293,6.607142857142858,5.724153890364918,41.54834975091685,4.51570597128327,1.1264701041039225
18.6,-5.734767025089605,-0.9383358384398968,12.8,-6.881720430107527,2.8673835125448024,38.4,-6.308243727598566,3.417868225035911,-6.308243727598566,-3.417868225035911,0.9388660729372551,-0.316645423442936,4.991039512396139,6.642857142857144,5.758748433069946,41.08726351573775,4.538527271450135,1.1264558710188401
18.700000000000003,-5.70409982174688,-0.9389935847941511,12.8,-6.844919786096256,2.85204991087344,38.4,-6.274509803921568,3.4196126005149474,-6.274509803921568,-3.4196126005149474,0.9391828427281648,-0.32382015115637247,5.004456317337584,6.67857142857143,5.793288293800679,40.634383143834626,4.56133754231096,1.12644186477789
18.8,-5.673758865248227,-0.9396408631356572,12.8,-6.808510638297872,2.8368794326241136,38.4,-6.24113475177305,3.4213283460560437,-6.24113475177305,-3.4213283460560437,0.9394963478050268,-0.3309947763754907,5.017729820414077,6.714285714285715,5.827773831519944,40.18951042001117,4.584135991777205,1.126428080590412
18.9,-5.643738977072311,-0.9402778944225152,12.8,-6.772486772486772,2.8218694885361555,38.4,-6.208112874779543,3.4230160899702105,-6.208112874779543,-3.4230160899702105,0.9398066383624207,-0.3381689929960569,5.0308606032374525,6.75,5.862205396347374,39.75245319914947,4.606921835880364,1.1264145137914363
19.0,-5.614035087719298,-0.9409048938134811,12.8,-6.7368421052631575,2.807017543859649,38.4,-6.175438596491228,3.4246764432791488,-6.175438596491228,-3.4246764432791488,0.9401137635715519,-0.3453424982223277,5.043849253377577,6.7857142857142865,5.896583329805986,39.32302518057697,4.629694298792467,1.1264011598377504
19.1,-5.584642233856893,-0.9415220708496661,12.8,-6.701570680628272,2.7923211169284463,38.4,-6.143106457242583,3.4263100002880575,-6.143106457242583,-3.4263100002880575,0.9404177716061874,-0.35251499256576735,5.056696364199384,6.821428571428572,5.930907965061373,38.90104569230391,4.652452612844405,1.1263880143041076
19.200000000000003,-5.5555555555555545,-0.9421296296296297,12.8,-6.666666666666666,2.7777777777777772,38.4,-6.111111111111111,3.4279173391362012,-6.111111111111111,-3.4279173391362012,0.940718709667815,-0.3596861798430904,5.069402534701267,6.8571428571428585,5.965179627153407,38.48633948463679,4.675196018542124,1.126375072879574
19.3,-5.526770293609672,-0.9427277689781381,12.8,-6.632124352331606,2.763385146804836,38.4,-6.07944732297064,3.42949902232628,-6.07944732297064,-3.42949902232628,0.941016624010036,-0.36685576717362545,5.081968369354903,6.892857142857143,5.999398633220755,38.07873653269884,4.697923764580653,1.1263623313640065
19.4,-5.498281786941582,-0.9433166826088497,12.8,-6.597938144329897,2.749140893470791,38.4,-6.04810996563574,3.4310555972334735,-6.04810996563574,-3.4310555972334735,0.9413115599622357,-0.374023464976038,5.094394477946486,6.928571428571429,6.033565292718543,37.678071847415,4.72063510785607,1.1263497856646574
19.5,-5.47008547008547,-0.9438965592811747,12.8,-6.564102564102564,2.735042735042735,38.4,-6.017094017094017,3.4325875965951167,-6.017094017094017,-3.4325875965951167,0.9416035619525434,-0.3811889869644007,5.1066814754194185,6.964285714285714,6.067679907629374,37.28418529454408,4.743329313475411,1.126337431792895
19.6,-5.442176870748298,-0.944467582951548,12.8,-6.530612244897959,2.721088435374149,38.4,-5.986394557823129,3.4340955389818055,-5.986394557823129,-3.4340955389818055,0.9418926735301132,-0.38835205014364077,5.118829981718464,7.000000000000001,6.10174277266796,36.89692142136405,4.7660056547645215,1.126325265861047
19.700000000000003,-5.4145516074450075,-0.94502993291934,12.8,-6.497461928934009,2.7072758037225038,38.4,-5.956006768189507,3.4355799292507663,-5.956006768189507,-3.4355799292507663,0.9421789373867465,-0.3955123748043729,5.130840621635386,7.035714285714287,6.1357541754795495,36.51612929063817,4.788663413273932,1.1263132840793513
19.8,-5.3872053872053876,-0.9455837839676223,12.8,-6.4646464646464645,2.6936026936026938,38.4,-5.925925925925926,3.437041258982239,-5.925925925925926,-3.437041258982239,0.9424623953778806,-0.40266968451712876,5.142714024656085,7.071428571428572,6.16971439683236,36.14166232151039,4.811301878782803,1.1263014827530136
19.9,-5.360134003350084,-0.9461293064989941,12.8,-6.432160804020101,2.680067001675042,38.4,-5.896147403685093,3.438480006899623,-5.896147403685093,-3.438480006899623,0.9427430885429637,-0.40982370612599767,5.154450824809264,7.107142857142857,6.203623710804289,35.77337813699685,4.833920349300886,1.1262898582793675
20.0,-5.333333333333333,-0.9466666666666667,12.8,-6.4,2.6666666666666665,38.4,-5.866666666666666,3.4398966392740484,-5.866666666666666,-3.4398966392740484,0.9430210571252367,-0.4169741697416975,5.1660516605166045,7.142857142857143,6.237482384963974,35.41113841775972,4.856518131068639,1.1262784071451368
20.1,-5.306799336650082,-0.9471960265009942,12.8,-6.3681592039801,2.653399668325041,38.4,-5.837479270315091,3.441291610314073,-5.837479270315091,-3.441291610314073,0.9432963405909424,-0.42412080873407065,5.177517174444517,7.17857142857143,6.2712906805466275,35.05480876186449,4.879094538555448,1.1262671259237846
20.200000000000003,-5.28052805280528,-0.9477175440316309,12.8,-6.336633663366336,2.64026402640264,38.4,-5.808580858085806,3.4426653625411,-5.808580858085806,-3.4426653625411,0.9435689776479832,-0.4312633597240443,5.188848013357431,7.214285714285716,6.305048852624443,34.70425855024103,4.901648894456055,1.1262560112729607
20.3,-5.254515599343185,-0.9482313734054859,12.8,-6.305418719211823,2.6272577996715927,38.4,-5.779967159277504,3.4440183271511216,-5.779967159277504,-3.4440183271511216,0.943839006264041,-0.43840156257504653,5.200044827972655,7.250000000000001,6.338757150272382,34.35936081757849,4.924180529685196,1.1262450599320335
20.4,-5.2287581699346415,-0.9487376650006408,12.8,-6.2745098039215685,2.6143790849673207,38.4,-5.7516339869281055,3.445350924363384,-5.7516339869281055,-3.445350924363384,0.9441064636841835,-0.44553516038389945,5.211108272816845,7.285714285714286,6.37241581672849,34.01999212840654,4.946688783370452,1.126234268719706
20.5,-5.203252032520325,-0.949236565536387,12.8,-6.2439024390243905,2.6016260162601625,38.4,-5.723577235772358,3.4466635637564753,-5.723577235772358,-3.4466635637564753,0.9443713864479671,-0.45266389947120045,5.222039006084039,7.321428571428572,6.406025089550259,33.68603245811712,4.969173002843419,1.126223634531712
20.6,-5.17799352750809,-0.9497282181795331,12.8,-6.213592233009709,2.588996763754045,38.4,-5.6957928802588995,3.447956644592398,-5.6957928802588995,-3.447956644592398,0.9446338104060596,-0.4597875293712066,5.232837689495314,7.3571428571428585,6.439585200765835,33.35736507870596,4.991632543629163,1.126213154338589
20.700000000000003,-5.152979066022544,-0.9502127626471252,12.8,-6.183574879227052,2.576489533011272,38.4,-5.668276972624797,3.449230556129082,-5.668276972624797,-3.449230556129082,0.9448937707363932,-0.46690580282123406,5.243504988160046,7.392857142857144,6.4730963770212275,33.033876449014734,5.014066769434045,1.1262028251835299
20.8,-5.128205128205129,-0.9506903353057199,12.8,-6.153846153846154,2.5641025641025643,38.4,-5.641025641025642,3.4504856779218382,-5.641025641025642,-3.4504856779218382,0.9451513019598667,-0.474018475750577,5.254041570438799,7.42857142857143,6.506558839723062,32.71545610927192,5.036475052131931,1.1261926441803007
20.9,-5.103668261562999,-0.9511610692673397,12.8,-6.124401913875598,2.5518341307814993,38.4,-5.614035087719299,3.451722380114179,-5.614035087719299,-3.451722380114179,0.9454064379556071,-0.4811253072689778,5.264448107807836,7.464285714285714,6.539972805177539,32.40199657973687,5.058856771748814,1.126182608511232
21.0,-5.079365079365079,-0.9516250944822373,12.8,-6.095238095238095,2.5396825396825395,38.4,-5.587301587301588,3.4529410237184623,-5.587301587301588,-3.4529410237184623,0.9456592119758137,-0.48822605965463156,5.274725274725274,7.500000000000001,6.573338484724917,32.093393263267004,5.081211316445881,1.1261727154252754
21.1,-5.0552922590837275,-0.9520825378285902,12.8,-6.0663507109004735,2.5276461295418637,38.4,-5.5608214849921005,3.4541419608867323,-5.5608214849921005,-3.4541419608867323,0.9459096566601849,-0.49532049834176817,5.284873748498869,7.5357142857142865,6.606656084870809,31.789544351628514,5.103538082501095,1.1261629622361207
21.200000000000003,-5.031446540880503,-0.9525335231992406,12.8,-6.037735849056603,2.5157232704402515,38.4,-5.534591194968554,3.455325535172178,-5.534591194968554,-3.455325535172178,0.946157804049955,-0.5024083919078035,5.294894209155457,7.571428571428573,6.6399258074131655,31.490350735390223,5.125836474289289,1.1261533463203819
21.3,-5.007824726134586,-0.9529781715855907,12.8,-6.009389671361502,2.503912363067293,38.4,-5.508607198748043,3.456492081781573,-5.508607198748043,-3.456492081781573,0.9464036856015424,-0.5094895120600743,5.304787339312042,7.607142857142858,6.673147849566094,31.195715917239216,5.148105904260806,1.1261438651158335
21.4,-4.984423676012462,-0.953416601158762,12.8,-5.981308411214953,2.492211838006231,38.4,-5.482866043613708,3.457641927819048,-5.482866043613708,-3.457641927819048,0.9466473321998294,-0.5165636336221802,5.314553824048534,7.642857142857143,6.70632240408006,30.90554592857076,5.170345792918749,1.126134516119712
21.5,-4.961240310077519,-0.9538489273481161,12.8,-5.953488372093023,2.4806201550387597,38.4,-5.45736434108527,3.4587753925215354,-5.45736434108527,-3.4587753925215354,0.9468887741710781,-0.5236305345199275,5.324194350782156,7.678571428571429,6.739449659358558,30.619749249210543,5.192555568794869,1.1261252968870665
21.6,-4.938271604938271,-0.9542752629172382,12.8,-5.925925925925926,2.4691358024691357,38.4,-5.432098765432098,3.4598927874862326,-5.432098765432098,-3.4598927874862326,0.9471280412955032,-0.530689995766897,5.333709609143503,7.714285714285715,6.77252979957191,30.338236730131865,5.21473466842406,1.1261162050291669
21.700000000000003,-4.915514592933947,-0.9546957180374751,12.8,-5.898617511520737,2.4577572964669736,38.4,-5.407066052227343,3.460994416890357,-5.407066052227343,-3.460994416890357,0.9473651628194999,-0.5377418014496547,5.34310029085425,7.750000000000002,6.805563004767539,30.060921519042083,5.236882536317638,1.1261072382119584
21.8,-4.892966360856269,-0.9551104003591168,12.8,-5.871559633027523,2.4464831804281344,38.4,-5.382262996941897,3.4620805777035266,-5.382262996941897,-3.4620805777035266,0.947600167467551,-0.5447857387125912,5.352367089606551,7.7857142857142865,6.838549450977427,29.787718988713717,5.258998624935268,1.1260983941545688
21.9,-4.87062404870624,-0.9555194150803084,12.8,-5.844748858447488,2.43531202435312,38.4,-5.357686453576864,3.4631515598930394,-5.357686453576864,-3.4631515598930394,0.9478330834538125,-0.5518215977424298,5.361510700944079,7.821428571428571,6.871489310322415,29.518546667945234,5.281082394655688,1.1260896706278618
22.0,-4.848484848484849,-0.9559228650137741,12.8,-5.818181818181818,2.4242424242424243,38.4,-5.333333333333334,3.464207646622303,-5.333333333333334,-3.464207646622303,0.9480639384933957,-0.5588491717523973,5.370531822144725,7.857142857142858,6.904382751113936,29.253324175039,5.303133313746247,1.126081065453035
22.1,-4.826546003016591,-0.9563208506514336,12.8,-5.791855203619909,2.4132730015082955,38.4,-5.309200603318251,3.465249114442712,-5.309200603318251,-3.465249114442712,0.9482927598133475,-0.5658682569660721,5.3794311521049805,7.892857142857144,6.937229937952615,28.991973153693046,5.3251508583312175,1.126072576500266
22.200000000000003,-4.804804804804804,-0.9567134702269837,12.8,-5.765765765765765,2.402402402402402,38.4,-5.285285285285283,3.466276233479184,-5.285285285285283,-3.466276233479184,0.9485195741633462,-0.5728786526009205,5.388209391225957,7.92857142857143,6.970031031824544,28.734417211203443,5.347134512359037,1.1260642016873932
22.3,-4.783258594917788,-0.9571008197765221,12.8,-5.739910313901345,2.391629297458894,38.4,-5.261584454409567,3.467289267609632,-5.261584454409567,-3.467289267609632,0.9487444078261119,-0.5798801608515369,5.396867241301073,7.964285714285715,7.002786190194534,28.480581858884374,5.369083767568391,1.1260559389786482
22.4,-4.761904761904762,-0.9574829931972789,12.8,-5.714285714285714,2.380952380952381,38.4,-5.238095238095238,3.468288474638559,-5.238095238095238,-3.468288474638559,0.9489672866275537,-0.5868725868725868,5.405405405405405,8.0,7.03549556709729,28.23039445461135,5.390998123453257,1.1260477863834157
22.5,-4.7407407407407405,-0.9578600823045268,12.8,-5.688888888888889,2.3703703703703702,38.4,-5.214814814814815,3.469274106465033,-5.214814814814815,-3.469274106465033,0.949188235946644,-0.5938557387614806,5.413824587786668,8.035714285714286,7.068159313225812,27.983784147403192,5.412877087226862,1.1260397419550434
22.6,-4.71976401179941,-0.9582321768867309,12.8,-5.663716814159292,2.359882005899705,38.4,-5.191740412979351,3.470246409245226,-5.191740412979351,-3.470246409245226,0.9494072807250455,-0.6008294275407644,5.422125493757872,8.071428571428573,7.100777576017572,27.74068182395807,5.434720173784708,1.1260318037896775
22.700000000000003,-4.698972099853156,-0.958599364759003,12.8,-5.638766519823788,2.349486049926578,38.4,-5.168869309838472,3.4712056235497277,-5.168869309838472,-3.4712056235497277,0.9496244454764875,-0.6077934671402672,5.430308829591594,8.10714285714286,7.133350499738349,27.501020057065194,5.456526905666517,1.1260239700251429
22.8,-4.678362573099415,-0.9589617318149174,12.8,-5.614035087719298,2.3391812865497075,38.4,-5.146198830409356,3.4721519845158233,-5.146198830409356,-3.4721519845158233,0.9498397542959017,-0.614747674378983,5.438375302415919,8.142857142857144,7.165878225563692,27.264733055816397,5.4782968130173195,1.1260162388398531
22.9,-4.657933042212518,-0.9593193620767466,12.8,-5.5895196506550215,2.328966521106259,38.4,-5.123726346433768,3.4730857219949245,-5.123726346433768,-3.4730857219949245,0.9500532308683257,-0.6216918689467285,5.446325620111992,8.178571428571429,7.1983608916586395,27.03175661754418,5.500029433547573,1.126008608451752
23.0,-4.63768115942029,-0.9596723377441714,12.8,-5.565217391304348,2.318840579710145,38.4,-5.101449275362318,3.474007060695327,-5.101449275362318,-3.474007060695327,0.9502648984775791,-0.6286258733855594,5.454160491213213,8.214285714285715,7.230798633254752,26.802028081420154,5.521724312492397,1.126001077117292
23.1,-4.617604617604617,-0.9600207392415184,12.8,-5.541125541125541,2.3088023088023086,38.4,-5.07936507936508,3.474916220320456,-5.07936507936508,-3.474916220320456,0.9504747800147242,-0.6355495130709777,5.461880624806041,8.250000000000002,7.263191582725675,26.575486283644654,5.543381002569988,1.1259936431304378
23.200000000000003,-4.597701149425286,-0.9603646452635751,12.8,-5.517241379310344,2.298850574712643,38.4,-5.057471264367815,3.475813415702789,-5.057471264367815,-3.475813415702789,0.9506828979863065,-0.6424626161929137,5.469486730432441,8.285714285714286,7.2955398696601765,26.352071514168003,5.564999063939134,1.125986304821706
23.3,-4.577968526466381,-0.9607041328200311,12.8,-5.493562231759657,2.2889842632331905,38.4,-5.035765379113018,3.476698856933575,-5.035765379113018,-3.476698856933575,0.9508892745223974,-0.6493650137365229,5.476979517993901,8.321428571428573,7.327843620933801,26.131725474880128,5.586578064156045,1.1259790605572257
23.4,-4.5584045584045585,-0.9610392772785935,12.8,-5.47008547008547,2.2792022792022792,38.4,-5.014245014245015,3.4775727494885227,-5.014245014245015,-3.4775727494885227,0.9510939313844273,-0.6562565394627804,5.484359697657093,8.357142857142858,7.360102960778245,25.91439123921418,5.608117578130275,1.1259719087378346
23.5,-4.539007092198582,-0.9613701524068206,12.8,-5.446808510638298,2.269503546099291,38.4,-4.99290780141844,3.478435294349604,-4.99290780141844,-3.478435294349604,0.9512968899728302,-0.6631370298888947,5.491627979761097,8.392857142857144,7.3923180108491575,25.700013213106967,5.629617188080017,1.125964847798197
23.6,-4.519774011299435,-0.9616968304127167,12.8,-5.423728813559322,2.2598870056497176,38.4,-4.971751412429379,3.479286688123098,-4.971751412429379,-3.479286688123098,0.9514981713344968,-0.6700063242685483,5.498785074726226,8.428571428571429,7.4244888902920705,25.488537097265304,5.651076483486608,1.1259578762059512
23.700000000000003,-4.500703234880449,-0.9620193819841313,12.8,-5.40084388185654,2.2503516174402245,38.4,-4.950773558368494,3.4801271231540154,-4.950773558368494,-3.4801271231540154,0.9516977961700425,-0.6768642645719728,5.505831692964424,8.464285714285715,7.456615715806692,25.279909850687062,5.672495061048431,1.125950992460876
23.8,-4.481792717086835,-0.9623378763270014,12.8,-5.378151260504202,2.2408963585434174,38.4,-4.9299719887955185,3.480956787637027,-4.9299719887955185,-3.480956787637027,0.9518957848408992,-0.6837106954658634,5.5127685447912445,8.5,7.488698601709486,25.074079655389816,5.693872524634039,1.1259441950940894
23.9,-4.463040446304045,-0.9626523812024766,12.8,-5.355648535564853,2.2315202231520224,38.4,-4.9093444909344495,3.4817758657240194,-4.9093444909344495,-3.4817758657240194,0.9520921573762308,-0.6905454642931524,5.5195963403393655,8.535714285714286,7.52073765999467,24.870995882300516,5.715208485234775,1.1259374826672655
24.0,-4.444444444444445,-0.962962962962963,12.8,-5.333333333333333,2.2222222222222223,38.4,-4.888888888888889,3.482584537628397,-4.888888888888889,-3.482584537628397,0.9522869334796839,-0.6973684210526316,5.526315789473684,8.571428571428571,7.552733000393694,24.67060905826241,5.736502560916694,1.1259308537718737
24.1,-4.426002766251729,-0.9632696865871226,12.8,-5.3112033195020745,2.2130013831258646,38.4,-4.8686030428769005,3.4833829797262448,-4.8686030428769005,-3.4833829797262448,0.9524801325359707,-0.7041794183784534,5.532927601707927,8.607142857142858,7.58468473043314,24.472870834117536,5.757754376771964,1.1259243070284453
24.200000000000003,-4.407713498622589,-0.9635726157138629,12.8,-5.289256198347107,2.2038567493112944,38.4,-4.848484848484848,3.484171364654449,-4.848484848484848,-3.484171364654449,0.9526717736172959,-0.710978311519502,5.539432486122806,8.642857142857144,7.616592955491104,24.27773395382418,5.7789635648696605,1.1259178410858521
24.3,-4.3895747599451305,-0.9638718126753487,12.8,-5.267489711934156,2.1947873799725652,38.4,-4.828532235939643,3.484949861405898,-4.828532235939643,-3.484949861405898,0.9528618754896279,-0.7177649583186447,5.545831151285693,8.678571428571429,7.64845777885236,24.085152224570336,5.800129764206085,1.1259114546206161
24.4,-4.371584699453552,-0.9641673385290692,12.8,-5.245901639344262,2.185792349726776,38.4,-4.808743169398907,3.485718635421844,-4.808743169398907,-3.485718635421844,0.9530504566188169,-0.7245392191918865,5.552124305171797,8.714285714285714,7.680279301761826,23.89508048784742,5.821252620654567,1.1259051463362297
24.5,-4.35374149659864,-0.9644592530889907,12.8,-5.224489795918367,2.17687074829932,38.4,-4.789115646258503,3.4864778486815364,-4.789115646258503,-3.4864778486815364,0.9532375351765725,-0.7313009571074087,5.558312655086849,8.75,7.7120576234768485,23.707474591447742,5.842331786914744,1.1258989149625018
24.6,-4.336043360433604,-0.9647476149558244,12.8,-5.203252032520325,2.168021680216802,38.4,-4.769647696476966,3.487227659789213,-4.769647696476966,-3.487227659789213,0.9534231290462941,-0.7380500375645261,5.564396907591266,8.785714285714286,7.74379284131829,23.52229136235172,5.863366922461449,1.1258927592549186
24.700000000000003,-4.318488529014844,-0.9650324815464385,12.8,-5.182186234817813,2.159244264507422,38.4,-4.750337381916329,3.4879682240585397,-4.750337381916329,-3.4879682240585397,0.9536072558287653,-0.7447863285725504,5.570377768425801,8.821428571428573,7.775485050720073,23.339488580473688,5.884357693493117,1.1258866779940235
24.8,-4.301075268817204,-0.9653139091224419,12.8,-5.161290322580645,2.150537634408602,38.4,-4.731182795698924,3.488699693594584,-4.731182795698924,-3.488699693594584,0.9537899328477132,-0.751509700629577,5.576255942438649,8.857142857142858,7.807134345277629,23.15902495323354,5.905303772879824,1.1258806699848134
24.9,-4.28380187416332,-0.9655919528179653,12.8,-5.140562248995984,2.14190093708166,38.4,-4.712182061579652,3.489422217373401,-4.712182061579652,-3.489422217373401,0.9539711771552393,-0.7582200267012005,5.58203213351401,8.892857142857142,7.838740816795099,22.98086009092542,5.926204840110911,1.125874734056157
25.0,-4.266666666666667,-0.9658666666666667,12.8,-5.12,2.1333333333333333,38.4,-4.6933333333333325,3.4901359413193185,-4.6933333333333325,-3.4901359413193185,0.9541510055371186,-0.7649171821991616,5.587707044502095,8.928571428571429,7.870304555331517,22.804954482853745,5.947060581242265,1.1258688690602197
25.1,-4.249667994687915,-0.9661381036279848,12.8,-5.099601593625498,2.1248339973439574,38.4,-4.674634794156706,3.490841008379995,-4.674634794156706,-3.490841008379995,0.9543294345179797,-0.7716010449599388,5.593281377150554,8.964285714285715,7.901825649245496,22.631269474210665,5.9678706888432345,1.1258630738719129
25.200000000000003,-4.232804232804232,-0.9664063156126649,12.8,-5.079365079365079,2.116402116402116,38.4,-4.656084656084655,3.491537558599313,-4.656084656084655,-3.491537558599313,0.9545064803663619,-0.7782714952232841,5.598755832037324,9.000000000000002,7.933304185239157,22.45976724366664,5.988634861943259,1.1258573473883557
25.3,-4.216073781291173,-0.9666713535075797,12.8,-5.059288537549407,2.1080368906455864,38.4,-4.637681159420289,3.4922257291882075,-4.637681159420289,-3.4922257291882075,0.9546821590996563,-0.7849284156107169,5.604131108504886,9.035714285714286,7.96474024840083,22.290410781650174,6.009352805978168,1.1258516885283514
25.4,-4.199475065616798,-0.9669332671998677,12.8,-5.039370078740157,2.099737532808399,38.4,-4.619422572178477,3.492905654593455,-4.619422572178477,-3.492905654593455,0.9548564864889325,-0.7915716911039774,5.609407904595897,9.071428571428571,7.996133922246655,22.123163869292032,6.03002423273623,1.1258460962318755
25.5,-4.183006535947713,-0.9671921056004101,12.8,-5.019607843137255,2.0915032679738563,38.4,-4.601307189542484,3.49357746656453,-4.601307189542484,-3.49357746656453,0.9550294780636543,-0.7982012090234434,5.614586916990219,9.107142857142858,8.027485288761246,21.957991058010343,6.0506488603039275,1.1258405694595839
25.6,-4.166666666666667,-0.9674479166666666,12.8,-5.0,2.0833333333333335,38.4,-4.583333333333333,3.494241294218563,-4.583333333333333,-3.494241294218563,0.9552011491162883,-0.8048168590065227,5.6196688409433015,9.142857142857144,8.05879442843726,21.79485764971455,6.071226413011497,1.1258351071923285
25.700000000000003,-4.150453955901426,-0.9677007474248916,12.8,-4.980544747081711,2.075226977950713,38.4,-4.565499351491568,3.4948972641034866,-4.565499351491568,-3.4948972641034866,0.9553715147068068,-0.8114185329860264,5.624654370225913,9.17857142857143,8.090061420314195,21.633729677606052,6.091756621378275,1.1258297084306894
25.8,-4.134366925064599,-0.9679506439917472,12.8,-4.961240310077519,2.0671834625322996,38.4,-4.547803617571059,3.4955455002593916,-4.547803617571059,-3.4955455002593916,0.955540589667088,-0.8180061251685198,5.6295441970652185,9.214285714285715,8.121286342015964,21.47457388755594,6.1122392220577835,1.1258243721945185
25.9,-4.1184041184041185,-0.968197651595335,12.8,-4.942084942084942,2.0592020592020592,38.4,-4.530244530244531,3.4961861242781977,-4.530244530244531,-3.4961861242781977,0.9557083886052179,-0.8245795320126714,5.634339012087181,9.25,8.152469269787739,21.31735772003875,6.132673957782734,1.1258190975224933
26.0,-4.102564102564102,-0.9684418145956607,12.8,-4.923076923076923,2.051282051282051,38.4,-4.512820512820513,3.4968192553616473,-4.512820512820513,-3.4968192553616473,0.9558749259096947,-0.8311386522075909,5.639039504260263,9.285714285714286,8.183610278531868,21.162049292603914,6.153060577309763,1.1258138834716913
26.1,-4.086845466155811,-0.9686831765045532,12.8,-4.904214559386973,2.0434227330779056,38.4,-4.4955300127713915,3.4974450103777035,-4.4955300127713915,-3.4974450103777035,0.9560402157535371,-0.8376833866511698,5.643646360840447,9.321428571428573,8.214709441842945,21.008617382866053,6.173398835364112,1.1258087291171595
26.2,-4.071246819338422,-0.9689217800050502,12.8,-4.885496183206107,2.035623409669211,38.4,-4.478371501272266,3.4980635039154033,-4.478371501272266,-3.4980635039154033,0.956204272098304,-0.8442136384284321,5.6481602673175075,9.357142857142858,8.24576683204188,20.85703141199728,6.193688492584128,1.125803633551513
26.3,-4.055766793409379,-0.9691576669702708,12.8,-4.866920152091255,2.0278833967046896,38.4,-4.4613434727503165,3.4986748483381884,-4.4613434727503165,-3.4986748483381884,0.9563671086980231,-0.8507293127898876,5.652581907362595,9.392857142857144,8.276782520209359,20.707261428703166,6.21392931546568,1.1257985958845351
26.400000000000002,-4.040404040404041,-0.9693908784817876,12.8,-4.848484848484849,2.0202020202020203,38.4,-4.444444444444444,3.4992791538357935,-4.444444444444444,-3.4992791538357935,0.9565287391030295,-0.857230317129913,5.656911962777029,9.42857142857143,8.307756576218384,20.55927809366745,6.234121076306494,1.1257936152427857
26.5,-4.0251572327044025,-0.9696214548475139,12.8,-4.830188679245283,2.0125786163522013,38.4,-4.427672955974842,3.499876528474719,-4.427672955974842,-3.499876528474719,0.9566891766637238,-0.8637165609651422,5.661151113442373,9.464285714285715,8.338689068765946,20.413052664449076,6.254263553150361,1.125788690769226
26.6,-4.010025062656641,-0.969849435619123,12.8,-4.81203007518797,2.0050125313283207,38.4,-4.4110275689223055,3.5004670782473344,-4.4110275689223055,-3.5004670782473344,0.9568484345342461,-0.8701879559128908,5.66530003727171,9.500000000000002,8.369580065404161,20.268556980816196,6.274356529731349,1.1257838216228515
26.7,-3.9950062421972534,-0.9700748596090093,12.8,-4.794007490636704,1.9975031210986267,38.4,-4.39450686641698,3.501050907119657,-4.39450686641698,-3.501050907119657,0.9570065256760664,-0.8766444156696057,5.669359410162152,9.535714285714286,8.400429632570434,20.125763450503452,6.294399795417949,1.1257790069783287
26.8,-3.9800995024875623,-0.9702977649068092,12.8,-4.776119402985074,1.9900497512437811,38.4,-4.378109452736318,3.5016281170778463,-4.378109452736318,-3.5016281170778463,0.9571634628615004,-0.8830858559893547,5.673329905948529,9.571428571428573,8.431237835617015,19.98464503537768,6.314393145157167,1.1257742460256546
26.900000000000002,-3.965303593556382,-0.9705181888954916,12.8,-4.758364312267658,1.982651796778191,38.4,-4.36183395291202,3.502198808173457,-4.36183395291202,-3.502198808173457,0.9573192586771464,-0.8895121946623499,5.677212196358278,9.607142857142858,8.4620047388399,19.845175237998973,6.334336379418645,1.1257695379698063
27.0,-3.950617283950617,-0.9707361682670325,12.8,-4.7407407407407405,1.9753086419753085,38.4,-4.345679012345679,3.502763078567478,-4.345679012345679,-3.502763078567478,0.9574739255272485,-0.8959233514935186,5.681006950967499,9.642857142857144,8.492730405506833,19.70732808856439,6.354229304138747,1.1257648820304185
27.1,-3.936039360393604,-0.9709517390376856,12.8,-4.723247232472325,1.968019680196802,38.4,-4.329643296432964,3.5033210245732125,-4.329643296432964,-3.5033210245732125,0.9576274756369852,-0.9023192482811193,5.684714837158166,9.678571428571429,8.523414897884926,19.571078132221,6.374071730664685,1.1257602774414563
27.2,-3.9215686274509802,-0.9711649365628604,12.8,-4.705882352941177,1.9607843137254901,38.4,-4.313725490196079,3.5038727406980037,-4.313725490196079,-3.5038727406980037,0.9577799210556895,-0.9086998087954112,5.688336520076481,9.714285714285715,8.55405827726737,19.436400416737275,6.393863475698676,1.1257557234509004
27.3,-3.907203907203907,-0.9713757955516197,12.8,-4.688644688644689,1.9536019536019535,38.4,-4.297924297924299,3.504418319683887,-4.297924297924299,-3.504418319683887,0.9579312736599992,-0.9150649587573787,5.691872662592355,9.75,8.584660603999627,19.303270480520386,6.413604361242118,1.1257512193204413
27.400000000000002,-3.8929440389294405,-0.971584350080807,12.8,-4.671532846715328,1.9464720194647203,38.4,-4.282238442822384,3.504957852547155,-4.282238442822384,-3.504957852547155,0.9580815451569377,-0.921414625817515,5.695323925260009,9.785714285714286,8.615221937505083,19.171664340968576,6.43329421453984,1.1257467643251837
27.5,-3.878787878787879,-0.9717906336088155,12.8,-4.654545454545454,1.9393939393939394,38.4,-4.266666666666667,3.505491428616895,-4.266666666666667,-3.505491428616895,0.9582307470869329,-0.9277487395346687,5.698690966279661,9.821428571428571,8.64574233630986,19.04155848314815,6.452932868024414,1.1257423577533499
27.6,-3.864734299516908,-0.9719946789890079,12.8,-4.63768115942029,1.932367149758454,38.4,-4.251207729468598,3.5060191355725197,-4.251207729468598,-3.5060191355725197,0.9583788908267662,-0.9340672313549567,5.701974441460319,9.857142857142858,8.676221858067274,18.912929848784067,6.472520159260565,1.1257379989059997
27.7,-3.8507821901323704,-0.9721965184827988,12.8,-4.620938628158845,1.9253910950661852,38.4,-4.235860409145608,3.506541059480328,-4.235860409145608,-3.506541059480328,0.9585259875924664,-0.9403700345907497,5.705175004183623,9.892857142857142,8.7066605595816,18.785755825554617,6.492055930889663,1.1257336870967531
27.8,-3.8369304556354917,-0.9723961837724066,12.8,-4.60431654676259,1.9184652278177459,38.4,-4.220623501199041,3.5070572848291164,-4.220623501199041,-3.5070572848291164,0.9586720484421362,-0.9466570843997272,5.708293305368758,9.928571428571429,8.737058496831287,18.660014236680563,6.511540030574295,1.1257294216515181
27.900000000000002,-3.823178016726404,-0.9725937059732874,12.8,-4.587813620071684,1.911589008363202,38.4,-4.205495818399044,3.5075678945648767,-4.205495818399044,-3.5075678945648767,0.9588170842787205,-0.952928317764013,5.711329993438404,9.964285714285715,8.767415724991633,18.535683330799042,6.530972310943009,1.1257252019082329
28.0,-3.8095238095238093,-0.9727891156462585,12.8,-4.571428571428571,1.9047619047619047,38.4,-4.19047619047619,3.5080729701245987,-4.19047619047619,-3.5080729701245987,0.9589611058527217,-0.9591836734693877,5.714285714285714,10.0,8.797732298456971,18.412741772113776,6.5503526295351255,1.1257210272166038
28.1,-3.795966785290629,-0.9729824428093193,12.8,-4.555160142348755,1.8979833926453145,38.4,-4.1755634638196915,3.508572591469213,-4.1755634638196915,-3.508572591469213,0.9591041237648494,-0.965423092084587,5.7171611112423095,10.035714285714286,8.828008270862226,18.291168630812653,6.569680848745736,1.1257168969378581
28.2,-3.7825059101654848,-0.973173716949181,12.8,-4.539007092198582,1.8912529550827424,38.4,-4.160756501182034,3.5090668371156957,-4.160756501182034,-3.5090668371156957,0.9592461484686245,-0.9716465159406849,5.719956825047268,10.071428571428571,8.85824369510406,18.170943373744354,6.588956835770848,1.1257128104444996
28.3,-3.7691401648998824,-0.9733629670325097,12.8,-4.522968197879859,1.8845700824499412,38.4,-4.146054181389871,3.5095557841683473,-4.146054181389871,-3.5095557841683473,0.9593871902729212,-0.9778538891105621,5.722673493817108,10.107142857142858,8.888438623361505,18.052045855346094,6.608180462552624,1.1257087671200712
28.400000000000002,-3.755868544600939,-0.9735502215168949,12.8,-4.507042253521127,1.8779342723004695,38.4,-4.131455399061032,3.510039508349305,-4.131455399061032,-3.510039508349305,0.9595272593444604,-0.9840451573884743,5.725311753016732,10.142857142857144,8.918593107116086,17.93445630881463,6.627351605724898,1.1257047663589215
28.5,-3.742690058479532,-0.9737355083615471,12.8,-4.491228070175438,1.871345029239766,38.4,-4.116959064327485,3.5105180840282526,-4.116959064327485,-3.5105180840282526,0.9596663657102531,-0.990220268269705,5.727872235431341,10.178571428571429,8.948707197171496,17.81815533751311,6.646470146558777,1.1257008075659793
28.6,-3.7296037296037294,-0.9739188550377361,12.8,-4.475524475524476,1.8648018648018647,38.4,-4.102564102564102,3.5109915842514177,-4.102564102564102,-3.5109915842514177,0.95980451925999,-0.9963791709303238,5.730355571139273,10.214285714285715,8.978780943672772,17.70312390660655,6.665535970908471,1.1256968901565327
28.7,-3.7166085946573753,-0.974100288538973,12.8,-4.45993031358885,1.8583042973286876,38.4,-4.088269454123113,3.511460080769828,-4.088269454123113,-3.511460080769828,0.9599417297483837,-1.0025218162070386,5.732762387485799,10.25,9.008814396125077,17.589343334918738,6.684548969157312,1.1256930135560126
28.8,-3.7037037037037037,-0.9742798353909465,12.8,-4.444444444444445,1.8518518518518519,38.4,-4.074074074074074,3.511923644066857,-4.074074074074074,-3.511923644066857,0.9600780067974645,-1.0086481565771501,5.735093309057807,10.285714285714286,9.038807603411955,17.47679528700435,6.703509036164035,1.1256891771997841
28.900000000000002,-3.690888119953864,-0.9744575216612189,12.8,-4.429065743944637,1.845444059976932,38.4,-4.059976931949251,3.512382343385105,-4.059976931949251,-3.512382343385105,0.9602133598988271,-1.0147581461386161,5.737348957659399,10.321428571428573,9.068760613813371,17.365461765428858,6.722416071209135,1.1256853805329397
29.0,-3.67816091954023,-0.974633372968688,12.8,-4.413793103448276,1.839080459770115,38.4,-4.045977011494252,3.5128362467525975,-4.045977011494252,-3.5128362467525975,0.9603477984158346,-1.0208517405902107,5.739529952288389,10.357142857142858,9.098673475022972,17.255325103251224,6.74126997794159,1.1256816230100986
29.1,-3.665521191294387,-0.974807414492822,12.8,-4.398625429553265,1.8327605956471935,38.4,-4.032073310423826,3.5132854210083533,-4.032073310423826,-3.5132854210083533,0.960481331585774,-1.0269288972118038,5.74163690911365,10.392857142857144,9.128546234165302,17.14636795670201,6.7600706643257595,1.1256779040952134
29.200000000000003,-3.6529680365296797,-0.9749796709826735,12.8,-4.383561643835616,1.8264840182648399,38.4,-4.018264840182648,3.513729931827309,-4.018264840182648,-3.513729931827309,0.9606139685219733,-1.032989574844747,5.743670441453339,10.42857142857143,9.15837893781238,17.038573298051958,6.778818042588508,1.125674223261377
29.3,-3.6405005688282137,-0.9751501667656777,12.8,-4.368600682593857,1.8202502844141069,38.4,-4.004550625711035,3.5141698437446496,-4.004550625711035,-3.5141698437446496,0.960745718215872,-1.0390337338723654,5.745631159753969,10.464285714285715,9.188171632000074,16.931924408664806,6.797512029166568,1.1256705799906366
29.400000000000002,-3.6281179138321997,-0.9753189257562436,12.8,-4.35374149659864,1.8140589569160999,38.4,-3.99092970521542,3.5146052201795324,-3.99092970521542,-3.5146052201795324,0.9608765895390523,-1.0450613362005765,5.747519671570304,10.500000000000002,9.217924362243878,16.8264048722294,6.816152544654189,1.125666973773813
29.5,-3.615819209039548,-0.9754859714641386,12.8,-4.338983050847458,1.807909604519774,38.4,-3.9774011299435026,3.5150361234582466,-3.9774011299435026,-3.5150361234582466,0.9610065912452291,-1.0510723452386128,5.749336581546092,10.535714285714286,9.247637173554473,16.7219985681653,6.834739513751058,1.1256634041103226
29.6,-3.6036036036036037,-0.9756513270026783,12.8,-4.324324324324325,1.8018018018018018,38.4,-3.9639639639639634,3.5154626148368058,-3.9639639639639634,-3.5154626148368058,0.9611357319722017,-1.057066725879871,5.751082491395581,10.571428571428573,9.277310110452955,16.618689665196964,6.853272865210407,1.1256598705080016
29.700000000000003,-3.591470258136924,-0.9758150150967211,12.8,-4.30976430976431,1.795735129068462,38.4,-3.950617283950616,3.5158847545229928,-3.950617283950616,-3.5158847545229928,0.9612640202437643,-1.0630444444828762,5.752757999885858,10.60714285714286,9.306943216985573,16.51646261509164,6.8717525317874975,1.1256563724829407
29.8,-3.5794183445190155,-0.9759770580904764,12.8,-4.295302013422819,1.7897091722595078,38.4,-3.937360178970917,3.516302601697884,-3.937360178970917,-3.516302601697884,0.9613914644715807,-1.0690054688523687,5.754363702819941,10.642857142857144,9.336536536738192,16.415302146556233,6.890178450188268,1.1256529095593164
29.900000000000002,-3.5674470457079153,-0.9761374779551311,12.8,-4.280936454849498,1.7837235228539576,38.4,-3.9241917502787067,3.516716214536848,-3.9241917502787067,-3.516716214536848,0.9615180729570237,-1.0749497682205142,5.755900193020662,10.67857142857143,9.366090112850465,16.31519325928817,6.90855056101839,1.1256494812692301
30.0,-3.5555555555555554,-0.9762962962962963,12.8,-4.266666666666667,1.7777777777777777,38.4,-3.9111111111111114,3.517125650230054,-3.9111111111111114,-3.517125650230054,0.9616438538929747,-1.0808773132282385,5.757368060315284,10.714285714285715,9.395603988029634,16.216121218176156,6.926868808732521,1.1256460871525522
