gamma,low,time_scale,plant,severity,scenario,method,tracking
0,10,1,beta_noacc,moderate,constant_22,M1,0.02493328585977928
0,10,1,beta_noacc,moderate,constant_22,M2,0.02493838619963097
0,10,1,beta_noacc,moderate,constant_22,M3,0.021431010552041045
0,10,1,beta_noacc,moderate,constant_22,M4,0.021447780860739604
0,10,1,beta_noacc,moderate,previous_s_curve,M1,0.04151196064671962
0,10,1,beta_noacc,moderate,previous_s_curve,M2,0.041538836792795596
0,10,1,beta_noacc,moderate,previous_s_curve,M3,0.03347782071882135
0,10,1,beta_noacc,moderate,previous_s_curve,M4,0.033500850366712895
0,10,1,beta_noacc,moderate,shifted_double_lane,M1,0.040008831596604344
0,10,1,beta_noacc,moderate,shifted_double_lane,M2,0.040000558683306646
0,10,1,beta_noacc,moderate,shifted_double_lane,M3,0.02425461019177767
0,10,1,beta_noacc,moderate,shifted_double_lane,M4,0.0242747111013388
0,10,1,beta_noacc,near_linear,constant_22,M1,0.012300610196178752
0,10,1,beta_noacc,near_linear,constant_22,M2,0.012303325617627169
0,10,1,beta_noacc,near_linear,constant_22,M3,0.010553202525259006
0,10,1,beta_noacc,near_linear,constant_22,M4,0.010561600557427038
0,10,1,beta_noacc,near_linear,previous_s_curve,M1,0.020271501437509457
0,10,1,beta_noacc,near_linear,previous_s_curve,M2,0.02028460547382744
0,10,1,beta_noacc,near_linear,previous_s_curve,M3,0.015976372052280724
0,10,1,beta_noacc,near_linear,previous_s_curve,M4,0.015987845331107826
0,10,1,beta_noacc,near_linear,shifted_double_lane,M1,0.019186402203404583
0,10,1,beta_noacc,near_linear,shifted_double_lane,M2,0.019183115180465463
0,10,1,beta_noacc,near_linear,shifted_double_lane,M3,0.011366683394820155
0,10,1,beta_noacc,near_linear,shifted_double_lane,M4,0.011376820238955358
0,10,1,beta_noacc,strong,constant_22,M1,0.038482877330138186
0,10,1,beta_noacc,strong,constant_22,M2,0.03848960060633968
0,10,1,beta_noacc,strong,constant_22,M3,0.0331884590069407
0,10,1,beta_noacc,strong,constant_22,M4,0.033213431464987245
0,10,1,beta_noacc,strong,previous_s_curve,M1,0.06557970629986018
0,10,1,beta_noacc,strong,previous_s_curve,M2,0.06562182113562912
0,10,1,beta_noacc,strong,previous_s_curve,M3,0.055132477037390944
0,10,1,beta_noacc,strong,previous_s_curve,M4,0.05516730777262634
0,10,1,beta_noacc,strong,shifted_double_lane,M1,0.06683487466554423
0,10,1,beta_noacc,strong,shifted_double_lane,M2,0.06681929121939428
0,10,1,beta_noacc,strong,shifted_double_lane,M3,0.0426510658926823
0,10,1,beta_noacc,strong,shifted_double_lane,M4,0.04268102812387415
0,10,1,legacy,moderate,constant_22,M1,0.02493328585977928
0,10,1,legacy,moderate,constant_22,M2,0.02493838619963097
0,10,1,legacy,moderate,constant_22,M3,0.021431010552041045
0,10,1,legacy,moderate,constant_22,M4,0.021447780860739604
0,10,1,legacy,moderate,previous_s_curve,M1,0.041499951592321116
0,10,1,legacy,moderate,previous_s_curve,M2,0.04152681568779032
0,10,1,legacy,moderate,previous_s_curve,M3,0.03345022123215971
0,10,1,legacy,moderate,previous_s_curve,M4,0.0334732195552693
0,10,1,legacy,moderate,shifted_double_lane,M1,0.04002276564183845
0,10,1,legacy,moderate,shifted_double_lane,M2,0.04001450687118765
0,10,1,legacy,moderate,shifted_double_lane,M3,0.024271306695364113
0,10,1,legacy,moderate,shifted_double_lane,M4,0.02429139801032779
0,10,1,legacy,near_linear,constant_22,M1,0.012300610196178752
0,10,1,legacy,near_linear,constant_22,M2,0.012303325617627169
0,10,1,legacy,near_linear,constant_22,M3,0.010553202525259006
0,10,1,legacy,near_linear,constant_22,M4,0.010561600557427038
0,10,1,legacy,near_linear,previous_s_curve,M1,0.020265018182613042
0,10,1,legacy,near_linear,previous_s_curve,M2,0.02027811727250862
0,10,1,legacy,near_linear,previous_s_curve,M3,0.015961533580553047
0,10,1,legacy,near_linear,previous_s_curve,M4,0.015972992661119706
0,10,1,legacy,near_linear,shifted_double_lane,M1,0.019193175100532586
0,10,1,legacy,near_linear,shifted_double_lane,M2,0.01918989492035389
0,10,1,legacy,near_linear,shifted_double_lane,M3,0.011374973901312478
0,10,1,legacy,near_linear,shifted_double_lane,M4,0.011385106346638035
0,10,1,legacy,strong,constant_22,M1,0.038482877330138186
0,10,1,legacy,strong,constant_22,M2,0.03848960060633968
0,10,1,legacy,strong,constant_22,M3,0.0331884590069407
0,10,1,legacy,strong,constant_22,M4,0.033213431464987245
0,10,1,legacy,strong,previous_s_curve,M1,0.06556768754743121
0,10,1,legacy,strong,previous_s_curve,M2,0.0656097785420808
0,10,1,legacy,strong,previous_s_curve,M3,0.055100788712158226
0,10,1,legacy,strong,previous_s_curve,M4,0.055135565462325335
0,10,1,legacy,strong,shifted_double_lane,M1,0.06685734081736597
0,10,1,legacy,strong,shifted_double_lane,M2,0.066841780341145
0,10,1,legacy,strong,shifted_double_lane,M3,0.04267712968318566
0,10,1,legacy,strong,shifted_double_lane,M4,0.04270707716716769
0,10,1,vy,moderate,constant_22,M1,0.02493328585977928
0,10,1,vy,moderate,constant_22,M2,0.02493838619963097
0,10,1,vy,moderate,constant_22,M3,0.021431010552041045
0,10,1,vy,moderate,constant_22,M4,0.021447780860739604
0,10,1,vy,moderate,previous_s_curve,M1,0.041543448941527325
0,10,1,vy,moderate,previous_s_curve,M2,0.0415704545750805
0,10,1,vy,moderate,previous_s_curve,M3,0.03354421484029039
0,10,1,vy,moderate,previous_s_curve,M4,0.03356725749550577
0,10,1,vy,moderate,shifted_double_lane,M1,0.040014421197460764
0,10,1,vy,moderate,shifted_double_lane,M2,0.04000613539368341
0,10,1,vy,moderate,shifted_double_lane,M3,0.02422517916886044
0,10,1,vy,moderate,shifted_double_lane,M4,0.024244970748797123
0,10,1,vy,near_linear,constant_22,M1,0.012300610196178754
0,10,1,vy,near_linear,constant_22,M2,0.012303325617627169
0,10,1,vy,near_linear,constant_22,M3,0.010553202525259006
0,10,1,vy,near_linear,constant_22,M4,0.010561600557427038
0,10,1,vy,near_linear,previous_s_curve,M1,0.020275451768680734
0,10,1,vy,near_linear,previous_s_curve,M2,0.02028863519963755
0,10,1,vy,near_linear,previous_s_curve,M3,0.015990107650612553
0,10,1,vy,near_linear,previous_s_curve,M4,0.016001613494505403
0,10,1,vy,near_linear,shifted_double_lane,M1,0.01918600065221117
0,10,1,vy,near_linear,shifted_double_lane,M2,0.019182710161927127
0,10,1,vy,near_linear,shifted_double_lane,M3,0.011348200934794779
0,10,1,vy,near_linear,shifted_double_lane,M4,0.0113582020791345
0,10,1,vy,strong,constant_22,M1,0.038482877330138186
0,10,1,vy,strong,constant_22,M2,0.03848960060633968
0,10,1,vy,strong,constant_22,M3,0.0331884590069407
0,10,1,vy,strong,constant_22,M4,0.033213431464987245
0,10,1,vy,strong,previous_s_curve,M1,0.06577106121902891
0,10,1,vy,strong,previous_s_curve,M2,0.06581323703515864
0,10,1,vy,strong,previous_s_curve,M3,0.05542996232955821
0,10,1,vy,strong,previous_s_curve,M4,0.055464614638529725
0,10,1,vy,strong,shifted_double_lane,M1,0.06692749517107499
0,10,1,vy,strong,shifted_double_lane,M2,0.06691193117813085
0,10,1,vy,strong,shifted_double_lane,M3,0.0427001354817674
0,10,1,vy,strong,shifted_double_lane,M4,0.04272954604592221
0,10,2,beta_noacc,moderate,constant_22,M1,0.008118402147544414
0,10,2,beta_noacc,moderate,constant_22,M2,0.00811998282047505
0,10,2,beta_noacc,moderate,constant_22,M3,0.006051463167993391
0,10,2,beta_noacc,moderate,constant_22,M4,0.00606384642308816
0,10,2,beta_noacc,moderate,previous_s_curve,M1,0.01727933916839181
0,10,2,beta_noacc,moderate,previous_s_curve,M2,0.017292236252149033
0,10,2,beta_noacc,moderate,previous_s_curve,M3,0.009259673199208743
0,10,2,beta_noacc,moderate,previous_s_curve,M4,0.00927372022131475
0,10,2,beta_noacc,moderate,shifted_double_lane,M1,0.015282981790004223
0,10,2,beta_noacc,moderate,shifted_double_lane,M2,0.015273344683125727
0,10,2,beta_noacc,moderate,shifted_double_lane,M3,0.006720589350229953
0,10,2,beta_noacc,moderate,shifted_double_lane,M4,0.006738693476034336
0,10,2,beta_noacc,near_linear,constant_22,M1,0.0040333081000643815
0,10,2,beta_noacc,near_linear,constant_22,M2,0.004034129216413619
0,10,2,beta_noacc,near_linear,constant_22,M3,0.0029846731845318067
0,10,2,beta_noacc,near_linear,constant_22,M4,0.0029907226516663952
0,10,2,beta_noacc,near_linear,previous_s_curve,M1,0.008571107434895931
0,10,2,beta_noacc,near_linear,previous_s_curve,M2,0.008577308515768782
0,10,2,beta_noacc,near_linear,previous_s_curve,M3,0.004415909674723131
0,10,2,beta_noacc,near_linear,previous_s_curve,M4,0.004422840710902067
0,10,2,beta_noacc,near_linear,shifted_double_lane,M1,0.007552011279490983
0,10,2,beta_noacc,near_linear,shifted_double_lane,M2,0.007547934715649839
0,10,2,beta_noacc,near_linear,shifted_double_lane,M3,0.0031853003947525356
0,10,2,beta_noacc,near_linear,shifted_double_lane,M4,0.003193468671786775
0,10,2,beta_noacc,strong,constant_22,M1,0.01236570916473548
0,10,2,beta_noacc,strong,constant_22,M2,0.012367936757958574
0,10,2,beta_noacc,strong,constant_22,M3,0.009348880369512562
0,10,2,beta_noacc,strong,constant_22,M4,0.009368250608080528
0,10,2,beta_noacc,strong,previous_s_curve,M1,0.02643816888045109
0,10,2,beta_noacc,strong,previous_s_curve,M2,0.026458829203702412
0,10,2,beta_noacc,strong,previous_s_curve,M3,0.0153190989866571
0,10,2,beta_noacc,strong,previous_s_curve,M4,0.01534046581901488
0,10,2,beta_noacc,strong,shifted_double_lane,M1,0.02401801863621689
0,10,2,beta_noacc,strong,shifted_double_lane,M2,0.023999358719837886
0,10,2,beta_noacc,strong,shifted_double_lane,M3,0.011692874056597437
0,10,2,beta_noacc,strong,shifted_double_lane,M4,0.011724732553823666
0,10,2,legacy,moderate,constant_22,M1,0.008118402147544414
0,10,2,legacy,moderate,constant_22,M2,0.008119982820475052
0,10,2,legacy,moderate,constant_22,M3,0.006051463167993391
0,10,2,legacy,moderate,constant_22,M4,0.006063846423088161
0,10,2,legacy,moderate,previous_s_curve,M1,0.017278565624258307
0,10,2,legacy,moderate,previous_s_curve,M2,0.01729145893339261
0,10,2,legacy,moderate,previous_s_curve,M3,0.009253749582790845
0,10,2,legacy,moderate,previous_s_curve,M4,0.009267785255069494
0,10,2,legacy,moderate,shifted_double_lane,M1,0.015285455028039739
0,10,2,legacy,moderate,shifted_double_lane,M2,0.015275823107815306
0,10,2,legacy,moderate,shifted_double_lane,M3,0.006724111026987944
0,10,2,legacy,moderate,shifted_double_lane,M4,0.0067422114737302466
0,10,2,legacy,near_linear,constant_22,M1,0.0040333081000643815
0,10,2,legacy,near_linear,constant_22,M2,0.004034129216413619
0,10,2,legacy,near_linear,constant_22,M3,0.002984673184531807
0,10,2,legacy,near_linear,constant_22,M4,0.0029907226516663952
0,10,2,legacy,near_linear,previous_s_curve,M1,0.008570758643466968
0,10,2,legacy,near_linear,previous_s_curve,M2,0.008576958125335824
0,10,2,legacy,near_linear,previous_s_curve,M3,0.004412878183469473
0,10,2,legacy,near_linear,previous_s_curve,M4,0.004419803735908711
0,10,2,legacy,near_linear,shifted_double_lane,M1,0.0075531841625684415
0,10,2,legacy,near_linear,shifted_double_lane,M2,0.007549110100117686
0,10,2,legacy,near_linear,shifted_double_lane,M3,0.003187093136100432
0,10,2,legacy,near_linear,shifted_double_lane,M4,0.0031952604391247397
0,10,2,legacy,strong,constant_22,M1,0.012365709164735481
0,10,2,legacy,strong,constant_22,M2,0.012367936757958574
0,10,2,legacy,strong,constant_22,M3,0.009348880369512563
0,10,2,legacy,strong,constant_22,M4,0.009368250608080527
0,10,2,legacy,strong,previous_s_curve,M1,0.02643717136100164
0,10,2,legacy,strong,previous_s_curve,M2,0.026457824105814542
0,10,2,legacy,strong,previous_s_curve,M3,0.01531139213563659
0,10,2,legacy,strong,previous_s_curve,M4,0.015332740304633309
0,10,2,legacy,strong,shifted_double_lane,M1,0.024022256527577987
0,10,2,legacy,strong,shifted_double_lane,M2,0.024003604106142034
0,10,2,legacy,strong,shifted_double_lane,M3,0.011698054749534116
0,10,2,legacy,strong,shifted_double_lane,M4,0.01172990231890712
0,10,2,vy,moderate,constant_22,M1,0.008118402147544414
0,10,2,vy,moderate,constant_22,M2,0.00811998282047505
0,10,2,vy,moderate,constant_22,M3,0.00605146316799339
0,10,2,vy,moderate,constant_22,M4,0.006063846423088161
0,10,2,vy,moderate,previous_s_curve,M1,0.017281481405261423
0,10,2,vy,moderate,previous_s_curve,M2,0.017294440796205558
0,10,2,vy,moderate,previous_s_curve,M3,0.00928565236389385
0,10,2,vy,moderate,previous_s_curve,M4,0.009299857159857802
0,10,2,vy,moderate,shifted_double_lane,M1,0.015281755040469207
0,10,2,vy,moderate,shifted_double_lane,M2,0.015272102105700782
0,10,2,vy,moderate,shifted_double_lane,M3,0.006713825650662664
0,10,2,vy,moderate,shifted_double_lane,M4,0.00673187910529796
0,10,2,vy,near_linear,constant_22,M1,0.0040333081000643815
0,10,2,vy,near_linear,constant_22,M2,0.004034129216413619
0,10,2,vy,near_linear,constant_22,M3,0.0029846731845318067
0,10,2,vy,near_linear,constant_22,M4,0.0029907226516663952
0,10,2,vy,near_linear,previous_s_curve,M1,0.008571480152377901
0,10,2,vy,near_linear,previous_s_curve,M2,0.008577708777147168
0,10,2,vy,near_linear,previous_s_curve,M3,0.004425049041888678
0,10,2,vy,near_linear,previous_s_curve,M4,0.004432052686759046
0,10,2,vy,near_linear,shifted_double_lane,M1,0.007551605509790668
0,10,2,vy,near_linear,shifted_double_lane,M2,0.00754752391682183
0,10,2,vy,near_linear,shifted_double_lane,M3,0.0031815205136441157
0,10,2,vy,near_linear,shifted_double_lane,M4,0.0031896626253221307
0,10,2,vy,strong,constant_22,M1,0.012365709164735481
0,10,2,vy,strong,constant_22,M2,0.012367936757958576
0,10,2,vy,strong,constant_22,M3,0.009348880369512563
0,10,2,vy,strong,constant_22,M4,0.009368250608080528
0,10,2,vy,strong,previous_s_curve,M1,0.0264540977517317
0,10,2,vy,strong,previous_s_curve,M2,0.026474861719354006
0,10,2,vy,strong,previous_s_curve,M3,0.01539537884762769
0,10,2,vy,strong,previous_s_curve,M4,0.015416992164413324
0,10,2,vy,strong,shifted_double_lane,M1,0.02402619613032704
0,10,2,vy,strong,shifted_double_lane,M2,0.024007477990692763
0,10,2,vy,strong,shifted_double_lane,M3,0.011695291569478019
0,10,2,vy,strong,shifted_double_lane,M4,0.011727042406194692
0,18,1,beta_noacc,moderate,constant_22,M1,0.022611103146107592
0,18,1,beta_noacc,moderate,constant_22,M2,0.02262733580564559
0,18,1,beta_noacc,moderate,constant_22,M3,0.02225059596095125
0,18,1,beta_noacc,moderate,constant_22,M4,0.02226852528477204
0,18,1,beta_noacc,moderate,previous_s_curve,M1,0.03310634966883411
0,18,1,beta_noacc,moderate,previous_s_curve,M2,0.033131712462783736
0,18,1,beta_noacc,moderate,previous_s_curve,M3,0.034288018237400804
0,18,1,beta_noacc,moderate,previous_s_curve,M4,0.0343118850397537
0,18,1,beta_noacc,moderate,shifted_double_lane,M1,0.029633576603221055
0,18,1,beta_noacc,moderate,shifted_double_lane,M2,0.029648294128308786
0,18,1,beta_noacc,moderate,shifted_double_lane,M3,0.02771081679692888
0,18,1,beta_noacc,moderate,shifted_double_lane,M4,0.02772965624608562
0,18,1,beta_noacc,near_linear,constant_22,M1,0.011153896537765553
0,18,1,beta_noacc,near_linear,constant_22,M2,0.011162034237710767
0,18,1,beta_noacc,near_linear,constant_22,M3,0.010975017576993502
0,18,1,beta_noacc,near_linear,constant_22,M4,0.01098397733874848
0,18,1,beta_noacc,near_linear,previous_s_curve,M1,0.015768528469998808
0,18,1,beta_noacc,near_linear,previous_s_curve,M2,0.015781131054878612
0,18,1,beta_noacc,near_linear,previous_s_curve,M3,0.016340495514376753
0,18,1,beta_noacc,near_linear,previous_s_curve,M4,0.016352397431682472
0,18,1,beta_noacc,near_linear,shifted_double_lane,M1,0.014138864650487326
0,18,1,beta_noacc,near_linear,shifted_double_lane,M2,0.01414634629470189
0,18,1,beta_noacc,near_linear,shifted_double_lane,M3,0.013187923237944942
0,18,1,beta_noacc,near_linear,shifted_double_lane,M4,0.013197378372063157
0,18,1,beta_noacc,strong,constant_22,M1,0.034840852615821
0,18,1,beta_noacc,strong,constant_22,M2,0.03486503344097119
0,18,1,beta_noacc,strong,constant_22,M3,0.03428791816208747
0,18,1,beta_noacc,strong,constant_22,M4,0.03431477813114165
0,18,1,beta_noacc,strong,previous_s_curve,M1,0.05468542610362515
0,18,1,beta_noacc,strong,previous_s_curve,M2,0.054723903499851914
0,18,1,beta_noacc,strong,previous_s_curve,M3,0.056579331528756355
0,18,1,beta_noacc,strong,previous_s_curve,M4,0.056615323904477995
0,18,1,beta_noacc,strong,shifted_double_lane,M1,0.0488318280234748
0,18,1,beta_noacc,strong,shifted_double_lane,M2,0.04885335114587398
0,18,1,beta_noacc,strong,shifted_double_lane,M3,0.045838586532630454
0,18,1,beta_noacc,strong,shifted_double_lane,M4,0.045866708384891555
0,18,1,legacy,moderate,constant_22,M1,0.022611103146107592
0,18,1,legacy,moderate,constant_22,M2,0.02262733580564559
0,18,1,legacy,moderate,constant_22,M3,0.022250595960951254
0,18,1,legacy,moderate,constant_22,M4,0.02226852528477204
0,18,1,legacy,moderate,previous_s_curve,M1,0.03310206760854359
0,18,1,legacy,moderate,previous_s_curve,M2,0.03312742964963847
0,18,1,legacy,moderate,previous_s_curve,M3,0.03428306693594278
0,18,1,legacy,moderate,previous_s_curve,M4,0.03430693245570281
0,18,1,legacy,moderate,shifted_double_lane,M1,0.02963765703005505
0,18,1,legacy,moderate,shifted_double_lane,M2,0.029652374446924513
0,18,1,legacy,moderate,shifted_double_lane,M3,0.027714873813701104
0,18,1,legacy,moderate,shifted_double_lane,M4,0.02773371186690488
0,18,1,legacy,near_linear,constant_22,M1,0.01115389653776555
0,18,1,legacy,near_linear,constant_22,M2,0.011162034237710767
0,18,1,legacy,near_linear,constant_22,M3,0.0109750175769935
0,18,1,legacy,near_linear,constant_22,M4,0.010983977338748478
0,18,1,legacy,near_linear,previous_s_curve,M1,0.01576622254111419
0,18,1,legacy,near_linear,previous_s_curve,M2,0.015778824932715305
0,18,1,legacy,near_linear,previous_s_curve,M3,0.01633784134702197
0,18,1,legacy,near_linear,previous_s_curve,M4,0.016349742794815224
0,18,1,legacy,near_linear,shifted_double_lane,M1,0.014140898684379696
0,18,1,legacy,near_linear,shifted_double_lane,M2,0.014148380229590198
0,18,1,legacy,near_linear,shifted_double_lane,M3,0.013189941093635213
0,18,1,legacy,near_linear,shifted_double_lane,M4,0.013199395486042369
0,18,1,legacy,strong,constant_22,M1,0.034840852615821
0,18,1,legacy,strong,constant_22,M2,0.03486503344097119
0,18,1,legacy,strong,constant_22,M3,0.03428791816208747
0,18,1,legacy,strong,constant_22,M4,0.03431477813114165
0,18,1,legacy,strong,previous_s_curve,M1,0.05468042029952471
0,18,1,legacy,strong,previous_s_curve,M2,0.054718895724481
0,18,1,legacy,strong,previous_s_curve,M3,0.05657339098714499
0,18,1,legacy,strong,previous_s_curve,M4,0.05660938068975512
0,18,1,legacy,strong,shifted_double_lane,M1,0.0488379633212554
0,18,1,legacy,strong,shifted_double_lane,M2,0.0488594866134561
0,18,1,legacy,strong,shifted_double_lane,M3,0.04584472792303636
0,18,1,legacy,strong,shifted_double_lane,M4,0.045872848015041795
0,18,1,vy,moderate,constant_22,M1,0.022611103146107592
0,18,1,vy,moderate,constant_22,M2,0.02262733580564559
0,18,1,vy,moderate,constant_22,M3,0.022250595960951254
0,18,1,vy,moderate,constant_22,M4,0.022268525284772044
0,18,1,vy,moderate,previous_s_curve,M1,0.033113967540520754
0,18,1,vy,moderate,previous_s_curve,M2,0.033139346704910144
0,18,1,vy,moderate,previous_s_curve,M3,0.034295456215298115
0,18,1,vy,moderate,previous_s_curve,M4,0.03431933403162795
0,18,1,vy,moderate,shifted_double_lane,M1,0.029630638484754838
0,18,1,vy,moderate,shifted_double_lane,M2,0.02964531499260523
0,18,1,vy,moderate,shifted_double_lane,M3,0.027706575140762104
0,18,1,vy,moderate,shifted_double_lane,M4,0.027725363397062577
0,18,1,vy,near_linear,constant_22,M1,0.011153896537765553
0,18,1,vy,near_linear,constant_22,M2,0.011162034237710767
0,18,1,vy,near_linear,constant_22,M3,0.0109750175769935
0,18,1,vy,near_linear,constant_22,M4,0.010983977338748478
0,18,1,vy,near_linear,previous_s_curve,M1,0.015769507859914284
0,18,1,vy,near_linear,previous_s_curve,M2,0.015782120701181786
0,18,1,vy,near_linear,previous_s_curve,M3,0.016341347528362117
0,18,1,vy,near_linear,previous_s_curve,M4,0.016353256925801807
0,18,1,vy,near_linear,shifted_double_lane,M1,0.014137163169206896
0,18,1,vy,near_linear,shifted_double_lane,M2,0.01414462524620341
0,18,1,vy,near_linear,shifted_double_lane,M3,0.013185450610150898
0,18,1,vy,near_linear,shifted_double_lane,M4,0.013194881719102202
0,18,1,vy,strong,constant_22,M1,0.034840852615821
0,18,1,vy,strong,constant_22,M2,0.03486503344097119
0,18,1,vy,strong,constant_22,M3,0.03428791816208747
0,18,1,vy,strong,constant_22,M4,0.03431477813114165
0,18,1,vy,strong,previous_s_curve,M1,0.054721736387952795
0,18,1,vy,strong,previous_s_curve,M2,0.05476022466800231
0,18,1,vy,strong,previous_s_curve,M3,0.056615417108323754
0,18,1,vy,strong,previous_s_curve,M4,0.05665141340939587
0,18,1,vy,strong,shifted_double_lane,M1,0.048830064995041826
0,18,1,vy,strong,shifted_double_lane,M2,0.04885152424736361
0,18,1,vy,strong,shifted_double_lane,M3,0.04583581412410924
0,18,1,vy,strong,shifted_double_lane,M4,0.045863852686463404
0,18,2,beta_noacc,moderate,constant_22,M1,0.006290891749114332
0,18,2,beta_noacc,moderate,constant_22,M2,0.006301698370174396
0,18,2,beta_noacc,moderate,constant_22,M3,0.0061432743306270065
0,18,2,beta_noacc,moderate,constant_22,M4,0.0061560785799262
0,18,2,beta_noacc,moderate,previous_s_curve,M1,0.00909731713502385
0,18,2,beta_noacc,moderate,previous_s_curve,M2,0.00911422570767882
0,18,2,beta_noacc,moderate,previous_s_curve,M3,0.009464797839394972
0,18,2,beta_noacc,moderate,previous_s_curve,M4,0.009480002650499468
0,18,2,beta_noacc,moderate,shifted_double_lane,M1,0.008585062991673604
0,18,2,beta_noacc,moderate,shifted_double_lane,M2,0.008592973997364011
0,18,2,beta_noacc,moderate,shifted_double_lane,M3,0.00763117480480637
0,18,2,beta_noacc,moderate,shifted_double_lane,M4,0.007643886487872306
0,18,2,beta_noacc,near_linear,constant_22,M1,0.0031063100077539448
0,18,2,beta_noacc,near_linear,constant_22,M2,0.0031116720121936873
0,18,2,beta_noacc,near_linear,constant_22,M3,0.003029886185773559
0,18,2,beta_noacc,near_linear,constant_22,M4,0.003036221655839042
0,18,2,beta_noacc,near_linear,previous_s_curve,M1,0.0043331184239256745
0,18,2,beta_noacc,near_linear,previous_s_curve,M2,0.004341498341232875
0,18,2,beta_noacc,near_linear,previous_s_curve,M3,0.004507591513551649
0,18,2,beta_noacc,near_linear,previous_s_curve,M4,0.004515165835841755
0,18,2,beta_noacc,near_linear,shifted_double_lane,M1,0.00413125122645667
0,18,2,beta_noacc,near_linear,shifted_double_lane,M2,0.004135232043027769
0,18,2,beta_noacc,near_linear,shifted_double_lane,M3,0.003635870590939281
0,18,2,beta_noacc,near_linear,shifted_double_lane,M4,0.0036421455668591636
0,18,2,beta_noacc,strong,constant_22,M1,0.009677774440168107
0,18,2,beta_noacc,strong,constant_22,M2,0.009694192265388287
0,18,2,beta_noacc,strong,constant_22,M3,0.009469150721952604
0,18,2,beta_noacc,strong,constant_22,M4,0.00948869213643533
0,18,2,beta_noacc,strong,previous_s_curve,M1,0.015045463656475378
0,18,2,beta_noacc,strong,previous_s_curve,M2,0.01507102960255227
0,18,2,beta_noacc,strong,previous_s_curve,M3,0.015650378497610556
0,18,2,beta_noacc,strong,previous_s_curve,M4,0.015673142670469088
0,18,2,beta_noacc,strong,shifted_double_lane,M1,0.013961110758150168
0,18,2,beta_noacc,strong,shifted_double_lane,M2,0.013972763007448137
0,18,2,beta_noacc,strong,shifted_double_lane,M3,0.012611230796035204
0,18,2,beta_noacc,strong,shifted_double_lane,M4,0.012630625850723243
0,18,2,legacy,moderate,constant_22,M1,0.006290891749114331
0,18,2,legacy,moderate,constant_22,M2,0.006301698370174396
0,18,2,legacy,moderate,constant_22,M3,0.006143274330627007
0,18,2,legacy,moderate,constant_22,M4,0.0061560785799262
0,18,2,legacy,moderate,previous_s_curve,M1,0.009096457014837295
0,18,2,legacy,moderate,previous_s_curve,M2,0.009113364916056549
0,18,2,legacy,moderate,previous_s_curve,M3,0.0094635882920154
0,18,2,legacy,moderate,previous_s_curve,M4,0.009478792449275224
0,18,2,legacy,moderate,shifted_double_lane,M1,0.008586035661057182
0,18,2,legacy,moderate,shifted_double_lane,M2,0.008593946657415943
0,18,2,legacy,moderate,shifted_double_lane,M3,0.007632139629276507
0,18,2,legacy,moderate,shifted_double_lane,M4,0.007644850545034666
0,18,2,legacy,near_linear,constant_22,M1,0.0031063100077539448
0,18,2,legacy,near_linear,constant_22,M2,0.003111672012193688
0,18,2,legacy,near_linear,constant_22,M3,0.0030298861857735596
0,18,2,legacy,near_linear,constant_22,M4,0.0030362216558390423
0,18,2,legacy,near_linear,previous_s_curve,M1,0.004332683573358389
0,18,2,legacy,near_linear,previous_s_curve,M2,0.0043410631805738745
0,18,2,legacy,near_linear,previous_s_curve,M3,0.004506972722440456
0,18,2,legacy,near_linear,previous_s_curve,M4,0.0045145467482827295
0,18,2,legacy,near_linear,shifted_double_lane,M1,0.004131734159801379
0,18,2,legacy,near_linear,shifted_double_lane,M2,0.004135714981538278
0,18,2,legacy,near_linear,shifted_double_lane,M3,0.0036363512753502373
0,18,2,legacy,near_linear,shifted_double_lane,M4,0.0036426258882230403
0,18,2,legacy,strong,constant_22,M1,0.009677774440168107
0,18,2,legacy,strong,constant_22,M2,0.009694192265388287
0,18,2,legacy,strong,constant_22,M3,0.009469150721952604
0,18,2,legacy,strong,constant_22,M4,0.00948869213643533
0,18,2,legacy,strong,previous_s_curve,M1,0.015044295086255493
0,18,2,legacy,strong,previous_s_curve,M2,0.015069859815997644
0,18,2,legacy,strong,previous_s_curve,M3,0.015648733834234405
0,18,2,legacy,strong,previous_s_curve,M4,0.01567149681361244
0,18,2,legacy,strong,shifted_double_lane,M1,0.013962580800061948
0,18,2,legacy,strong,shifted_double_lane,M2,0.013974232949206978
0,18,2,legacy,strong,shifted_double_lane,M3,0.012612683730271253
0,18,2,legacy,strong,shifted_double_lane,M4,0.012632077511719637
0,18,2,vy,moderate,constant_22,M1,0.006290891749114332
0,18,2,vy,moderate,constant_22,M2,0.006301698370174396
0,18,2,vy,moderate,constant_22,M3,0.006143274330627008
0,18,2,vy,moderate,constant_22,M4,0.0061560785799262
0,18,2,vy,moderate,previous_s_curve,M1,0.009099505593100578
0,18,2,vy,moderate,previous_s_curve,M2,0.009116432111086915
0,18,2,vy,moderate,previous_s_curve,M3,0.009467382264003375
0,18,2,vy,moderate,previous_s_curve,M4,0.009482606084844691
0,18,2,vy,moderate,shifted_double_lane,M1,0.008583888018711685
0,18,2,vy,moderate,shifted_double_lane,M2,0.008591785097254258
0,18,2,vy,moderate,shifted_double_lane,M3,0.007629786645143246
0,18,2,vy,moderate,shifted_double_lane,M4,0.007642482600855649
0,18,2,vy,near_linear,constant_22,M1,0.0031063100077539448
0,18,2,vy,near_linear,constant_22,M2,0.003111672012193687
0,18,2,vy,near_linear,constant_22,M3,0.003029886185773559
0,18,2,vy,near_linear,constant_22,M4,0.0030362216558390415
0,18,2,vy,near_linear,previous_s_curve,M1,0.00433376260101029
0,18,2,vy,near_linear,previous_s_curve,M2,0.0043421513046707225
0,18,2,vy,near_linear,previous_s_curve,M3,0.004508397778784131
0,18,2,vy,near_linear,previous_s_curve,M4,0.004515981267862449
0,18,2,vy,near_linear,shifted_double_lane,M1,0.004130698710067194
0,18,2,vy,near_linear,shifted_double_lane,M2,0.004134673280718615
0,18,2,vy,near_linear,shifted_double_lane,M3,0.003635180258218118
0,18,2,vy,near_linear,shifted_double_lane,M4,0.003641448208765705
0,18,2,vy,strong,constant_22,M1,0.009677774440168109
0,18,2,vy,strong,constant_22,M2,0.009694192265388285
0,18,2,vy,strong,constant_22,M3,0.009469150721952606
0,18,2,vy,strong,constant_22,M4,0.00948869213643533
0,18,2,vy,strong,previous_s_curve,M1,0.01505281913548368
0,18,2,vy,strong,previous_s_curve,M2,0.015078410677163324
0,18,2,vy,strong,previous_s_curve,M3,0.01565845804585008
0,18,2,vy,strong,previous_s_curve,M4,0.01568125063805651
0,18,2,vy,strong,shifted_double_lane,M1,0.013959378539758517
0,18,2,vy,strong,shifted_double_lane,M2,0.01397100503172449
0,18,2,vy,strong,shifted_double_lane,M3,0.012609365761241224
0,18,2,vy,strong,shifted_double_lane,M4,0.012628731256551489
1,10,1,beta_noacc,moderate,constant_22,M1,0.03030562580533157
1,10,1,beta_noacc,moderate,constant_22,M2,0.025505239653486972
1,10,1,beta_noacc,moderate,constant_22,M3,0.027283364622236805
1,10,1,beta_noacc,moderate,constant_22,M4,0.022013401491435988
1,10,1,beta_noacc,moderate,previous_s_curve,M1,0.04573284385511756
1,10,1,beta_noacc,moderate,previous_s_curve,M2,0.04255668003833451
1,10,1,beta_noacc,moderate,previous_s_curve,M3,0.039020069428285585
1,10,1,beta_noacc,moderate,previous_s_curve,M4,0.03447028147660634
1,10,1,beta_noacc,moderate,shifted_double_lane,M1,0.04487139853218889
1,10,1,beta_noacc,moderate,shifted_double_lane,M2,0.040639030865888146
1,10,1,beta_noacc,moderate,shifted_double_lane,M3,0.031145762920702886
1,10,1,beta_noacc,moderate,shifted_double_lane,M4,0.02502011057329168
1,10,1,beta_noacc,near_linear,constant_22,M1,0.014918915243333138
1,10,1,beta_noacc,near_linear,constant_22,M2,0.012588826167908252
1,10,1,beta_noacc,near_linear,constant_22,M3,0.01341931530682427
1,10,1,beta_noacc,near_linear,constant_22,M4,0.010842637275491406
1,10,1,beta_noacc,near_linear,previous_s_curve,M1,0.02231027563973683
1,10,1,beta_noacc,near_linear,previous_s_curve,M2,0.02077261541136992
1,10,1,beta_noacc,near_linear,previous_s_curve,M3,0.01870410861044824
1,10,1,beta_noacc,near_linear,previous_s_curve,M4,0.016454908133015058
1,10,1,beta_noacc,near_linear,shifted_double_lane,M1,0.021426829465017193
1,10,1,beta_noacc,near_linear,shifted_double_lane,M2,0.019509623526192874
1,10,1,beta_noacc,near_linear,shifted_double_lane,M3,0.01464705133895479
1,10,1,beta_noacc,near_linear,shifted_double_lane,M4,0.01173113811824387
1,10,1,beta_noacc,strong,constant_22,M1,0.04688963615648484
1,10,1,beta_noacc,strong,constant_22,M2,0.03933262679595962
1,10,1,beta_noacc,strong,constant_22,M3,0.04227862099680707
1,10,1,beta_noacc,strong,constant_22,M4,0.03407593215523045
1,10,1,beta_noacc,strong,previous_s_curve,M1,0.07228871397038146
1,10,1,beta_noacc,strong,previous_s_curve,M2,0.06727590369831841
1,10,1,beta_noacc,strong,previous_s_curve,M3,0.06362260874765338
1,10,1,beta_noacc,strong,previous_s_curve,M4,0.05673369875559145
1,10,1,beta_noacc,strong,shifted_double_lane,M1,0.07499812015023602
1,10,1,beta_noacc,strong,shifted_double_lane,M2,0.06779948577690507
1,10,1,beta_noacc,strong,shifted_double_lane,M3,0.05356056780622558
1,10,1,beta_noacc,strong,shifted_double_lane,M4,0.04398086376649417
1,10,1,legacy,moderate,constant_22,M1,0.03030562580533157
1,10,1,legacy,moderate,constant_22,M2,0.025505239653486972
1,10,1,legacy,moderate,constant_22,M3,0.027283364622236805
1,10,1,legacy,moderate,constant_22,M4,0.022013401491435988
1,10,1,legacy,moderate,previous_s_curve,M1,0.04572707745380819
1,10,1,legacy,moderate,previous_s_curve,M2,0.042544169759259204
1,10,1,legacy,moderate,previous_s_curve,M3,0.039001162656981836
1,10,1,legacy,moderate,previous_s_curve,M4,0.03444196934925074
1,10,1,legacy,moderate,shifted_double_lane,M1,0.04488487673090025
1,10,1,legacy,moderate,shifted_double_lane,M2,0.04065327452637303
1,10,1,legacy,moderate,shifted_double_lane,M3,0.031159093689830636
1,10,1,legacy,moderate,shifted_double_lane,M4,0.02503706193055858
1,10,1,legacy,near_linear,constant_22,M1,0.014918915243333138
1,10,1,legacy,near_linear,constant_22,M2,0.012588826167908252
1,10,1,legacy,near_linear,constant_22,M3,0.01341931530682427
1,10,1,legacy,near_linear,constant_22,M4,0.010842637275491406
1,10,1,legacy,near_linear,previous_s_curve,M1,0.022306667327733128
1,10,1,legacy,near_linear,previous_s_curve,M2,0.020765894209492063
1,10,1,legacy,near_linear,previous_s_curve,M3,0.018693521199233367
1,10,1,legacy,near_linear,previous_s_curve,M4,0.016439728561934163
1,10,1,legacy,near_linear,shifted_double_lane,M1,0.021433528476276602
1,10,1,legacy,near_linear,shifted_double_lane,M2,0.019516535098871714
1,10,1,legacy,near_linear,shifted_double_lane,M3,0.014653690815481688
1,10,1,legacy,near_linear,shifted_double_lane,M4,0.011739552286416226
1,10,1,legacy,strong,constant_22,M1,0.04688963615648484
1,10,1,legacy,strong,constant_22,M2,0.03933262679595962
1,10,1,legacy,strong,constant_22,M3,0.04227862099680707
1,10,1,legacy,strong,constant_22,M4,0.03407593215523045
1,10,1,legacy,strong,previous_s_curve,M1,0.0722871281574028
1,10,1,legacy,strong,previous_s_curve,M2,0.06726312842938587
1,10,1,legacy,strong,previous_s_curve,M3,0.06360390537525808
1,10,1,legacy,strong,previous_s_curve,M4,0.05670095226610145
1,10,1,legacy,strong,shifted_double_lane,M1,0.07501890300265507
1,10,1,legacy,strong,shifted_double_lane,M2,0.0678225384864105
1,10,1,legacy,strong,shifted_double_lane,M3,0.05358133262248483
1,10,1,legacy,strong,shifted_double_lane,M4,0.04400735739614331
1,10,1,vy,moderate,constant_22,M1,0.03030562580533158
1,10,1,vy,moderate,constant_22,M2,0.025505239653486972
1,10,1,vy,moderate,constant_22,M3,0.027283364622236805
1,10,1,vy,moderate,constant_22,M4,0.022013401491435988
1,10,1,vy,moderate,previous_s_curve,M1,0.045846795766453674
1,10,1,vy,moderate,previous_s_curve,M2,0.0425877517687084
1,10,1,vy,moderate,previous_s_curve,M3,0.039189886854182156
1,10,1,vy,moderate,previous_s_curve,M4,0.03452991489035605
1,10,1,vy,moderate,shifted_double_lane,M1,0.0448556104878464
1,10,1,vy,moderate,shifted_double_lane,M2,0.04064528757594903
1,10,1,vy,moderate,shifted_double_lane,M3,0.031125668783090765
1,10,1,vy,moderate,shifted_double_lane,M4,0.02498852201391819
1,10,1,vy,near_linear,constant_22,M1,0.014918915243333138
1,10,1,vy,near_linear,constant_22,M2,0.012588826167908252
1,10,1,vy,near_linear,constant_22,M3,0.01341931530682427
1,10,1,vy,near_linear,constant_22,M4,0.010842637275491408
1,10,1,vy,near_linear,previous_s_curve,M1,0.022345483352835552
1,10,1,vy,near_linear,previous_s_curve,M2,0.02077623225891197
1,10,1,vy,near_linear,previous_s_curve,M3,0.018760794671520146
1,10,1,vy,near_linear,previous_s_curve,M4,0.016465496004555078
1,10,1,vy,near_linear,shifted_double_lane,M1,0.021416334939583847
1,10,1,vy,near_linear,shifted_double_lane,M2,0.019509462926381775
1,10,1,vy,near_linear,shifted_double_lane,M3,0.01463226042966515
1,10,1,vy,near_linear,shifted_double_lane,M4,0.011711683184756561
1,10,1,vy,strong,constant_22,M1,0.04688963615648484
1,10,1,vy,strong,constant_22,M2,0.03933262679595962
1,10,1,vy,strong,constant_22,M3,0.04227862099680707
1,10,1,vy,strong,constant_22,M4,0.03407593215523045
1,10,1,vy,strong,previous_s_curve,M1,0.07266969834018484
1,10,1,vy,strong,previous_s_curve,M2,0.06746858314276413
1,10,1,vy,strong,previous_s_curve,M3,0.064127502189542
1,10,1,vy,strong,previous_s_curve,M4,0.05702061424308303
1,10,1,vy,strong,shifted_double_lane,M1,0.0750476826536015
1,10,1,vy,strong,shifted_double_lane,M2,0.06789508832861997
1,10,1,vy,strong,shifted_double_lane,M3,0.05361462382784061
1,10,1,vy,strong,shifted_double_lane,M4,0.0440276466895775
1,10,2,beta_noacc,moderate,constant_22,M1,0.011688462846738443
1,10,2,beta_noacc,moderate,constant_22,M2,0.008269608935796091
1,10,2,beta_noacc,moderate,constant_22,M3,0.010041107857112439
1,10,2,beta_noacc,moderate,constant_22,M4,0.006227912860978137
1,10,2,beta_noacc,moderate,previous_s_curve,M1,0.019675122951443937
1,10,2,beta_noacc,moderate,previous_s_curve,M2,0.01760122467461253
1,10,2,beta_noacc,moderate,previous_s_curve,M3,0.013347366241165967
1,10,2,beta_noacc,moderate,previous_s_curve,M4,0.009537257860873838
1,10,2,beta_noacc,moderate,shifted_double_lane,M1,0.018400780748836533
1,10,2,beta_noacc,moderate,shifted_double_lane,M2,0.015371175584925834
1,10,2,beta_noacc,moderate,shifted_double_lane,M3,0.011638030231460308
1,10,2,beta_noacc,moderate,shifted_double_lane,M4,0.006919722447595594
1,10,2,beta_noacc,near_linear,constant_22,M1,0.005764319391358976
1,10,2,beta_noacc,near_linear,constant_22,M2,0.004111828715245518
1,10,2,beta_noacc,near_linear,constant_22,M3,0.004942465474884388
1,10,2,beta_noacc,near_linear,constant_22,M4,0.0030723357379123426
1,10,2,beta_noacc,near_linear,previous_s_curve,M1,0.009716187532042455
1,10,2,beta_noacc,near_linear,previous_s_curve,M2,0.008725666599712406
1,10,2,beta_noacc,near_linear,previous_s_curve,M3,0.0064179497523368725
1,10,2,beta_noacc,near_linear,previous_s_curve,M4,0.004549388802130065
1,10,2,beta_noacc,near_linear,shifted_double_lane,M1,0.008916358497819696
1,10,2,beta_noacc,near_linear,shifted_double_lane,M2,0.007615362054513373
1,10,2,beta_noacc,near_linear,shifted_double_lane,M3,0.0055095163589419845
1,10,2,beta_noacc,near_linear,shifted_double_lane,M4,0.00328286070028973
1,10,2,beta_noacc,strong,constant_22,M1,0.018014639747454236
1,10,2,beta_noacc,strong,constant_22,M2,0.012578642265153338
1,10,2,beta_noacc,strong,constant_22,M3,0.01553188994195511
1,10,2,beta_noacc,strong,constant_22,M4,0.009619149061748778
1,10,2,beta_noacc,strong,previous_s_curve,M1,0.0303717481833876
1,10,2,beta_noacc,strong,previous_s_curve,M2,0.02696045373943746
1,10,2,beta_noacc,strong,previous_s_curve,M3,0.021684415480108483
1,10,2,beta_noacc,strong,previous_s_curve,M4,0.015768120102809362
1,10,2,beta_noacc,strong,shifted_double_lane,M1,0.029921951047979883
1,10,2,beta_noacc,strong,shifted_double_lane,M2,0.024049639036790915
1,10,2,beta_noacc,strong,shifted_double_lane,M3,0.019826798047329584
1,10,2,beta_noacc,strong,shifted_double_lane,M4,0.01203371813723743
1,10,2,legacy,moderate,constant_22,M1,0.011688462846738443
1,10,2,legacy,moderate,constant_22,M2,0.008269608935796091
1,10,2,legacy,moderate,constant_22,M3,0.01004110785711244
1,10,2,legacy,moderate,constant_22,M4,0.006227912860978138
1,10,2,legacy,moderate,previous_s_curve,M1,0.019676677829420987
1,10,2,legacy,moderate,previous_s_curve,M2,0.017600319621131375
1,10,2,legacy,moderate,previous_s_curve,M3,0.013345456828029564
1,10,2,legacy,moderate,previous_s_curve,M4,0.009531129118874307
1,10,2,legacy,moderate,shifted_double_lane,M1,0.0184034842532433
1,10,2,legacy,moderate,shifted_double_lane,M2,0.015373716495164504
1,10,2,legacy,moderate,shifted_double_lane,M3,0.01164022961085109
1,10,2,legacy,moderate,shifted_double_lane,M4,0.006923279918341036
1,10,2,legacy,near_linear,constant_22,M1,0.005764319391358976
1,10,2,legacy,near_linear,constant_22,M2,0.004111828715245518
1,10,2,legacy,near_linear,constant_22,M3,0.004942465474884388
1,10,2,legacy,near_linear,constant_22,M4,0.0030723357379123426
1,10,2,legacy,near_linear,previous_s_curve,M1,0.00971687442252825
1,10,2,legacy,near_linear,previous_s_curve,M2,0.00872526310498094
1,10,2,legacy,near_linear,previous_s_curve,M3,0.006416829889368553
1,10,2,legacy,near_linear,previous_s_curve,M4,0.0045462670038298025
1,10,2,legacy,near_linear,shifted_double_lane,M1,0.008917702327050006
1,10,2,legacy,near_linear,shifted_double_lane,M2,0.007616564826161385
1,10,2,legacy,near_linear,shifted_double_lane,M3,0.00551061207625019
1,10,2,legacy,near_linear,shifted_double_lane,M4,0.003284672775168847
1,10,2,legacy,strong,constant_22,M1,0.018014639747454236
1,10,2,legacy,strong,constant_22,M2,0.012578642265153336
1,10,2,legacy,strong,constant_22,M3,0.015531889941955106
1,10,2,legacy,strong,constant_22,M4,0.009619149061748777
1,10,2,legacy,strong,previous_s_curve,M1,0.030375077310357844
1,10,2,legacy,strong,previous_s_curve,M2,0.02695920522483071
1,10,2,legacy,strong,previous_s_curve,M3,0.021683179203610212
1,10,2,legacy,strong,previous_s_curve,M4,0.015760049659854895
1,10,2,legacy,strong,shifted_double_lane,M1,0.02992615283531586
1,10,2,legacy,strong,shifted_double_lane,M2,0.02405399535970362
1,10,2,legacy,strong,shifted_double_lane,M3,0.019830326906078104
1,10,2,legacy,strong,shifted_double_lane,M4,0.012038932447860131
1,10,2,vy,moderate,constant_22,M1,0.011688462846738445
1,10,2,vy,moderate,constant_22,M2,0.008269608935796091
1,10,2,vy,moderate,constant_22,M3,0.010041107857112439
1,10,2,vy,moderate,constant_22,M4,0.006227912860978138
1,10,2,vy,moderate,previous_s_curve,M1,0.01970663092269913
1,10,2,vy,moderate,previous_s_curve,M2,0.01760331869268152
1,10,2,vy,moderate,previous_s_curve,M3,0.013398352688177786
1,10,2,vy,moderate,previous_s_curve,M4,0.009563582393832518
1,10,2,vy,moderate,shifted_double_lane,M1,0.01839657557536698
1,10,2,vy,moderate,shifted_double_lane,M2,0.015369757974378123
1,10,2,vy,moderate,shifted_double_lane,M3,0.011635536094974929
1,10,2,vy,moderate,shifted_double_lane,M4,0.0069121105800753315
1,10,2,vy,near_linear,constant_22,M1,0.005764319391358974
1,10,2,vy,near_linear,constant_22,M2,0.004111828715245519
1,10,2,vy,near_linear,constant_22,M3,0.004942465474884389
1,10,2,vy,near_linear,constant_22,M4,0.003072335737912342
1,10,2,vy,near_linear,previous_s_curve,M1,0.009727988073859746
1,10,2,vy,near_linear,previous_s_curve,M2,0.008725992466128749
1,10,2,vy,near_linear,previous_s_curve,M3,0.006437031144921369
1,10,2,vy,near_linear,previous_s_curve,M4,0.004558636531834567
1,10,2,vy,near_linear,shifted_double_lane,M1,0.008913921248721174
1,10,2,vy,near_linear,shifted_double_lane,M2,0.007614914398302921
1,10,2,vy,near_linear,shifted_double_lane,M3,0.0055071584706260215
1,10,2,vy,near_linear,shifted_double_lane,M4,0.0032787181076590617
1,10,2,vy,strong,constant_22,M1,0.018014639747454236
1,10,2,vy,strong,constant_22,M2,0.012578642265153336
1,10,2,vy,strong,constant_22,M3,0.01553188994195511
1,10,2,vy,strong,constant_22,M4,0.009619149061748777
1,10,2,vy,strong,previous_s_curve,M1,0.030458533536672067
1,10,2,vy,strong,previous_s_curve,M2,0.026976661918324627
1,10,2,vy,strong,previous_s_curve,M3,0.0218187235526775
1,10,2,vy,strong,previous_s_curve,M4,0.01584525563799907
1,10,2,vy,strong,shifted_double_lane,M1,0.029931899196116538
1,10,2,vy,strong,shifted_double_lane,M2,0.024057179518509185
1,10,2,vy,strong,shifted_double_lane,M3,0.01984419977892823
1,10,2,vy,strong,shifted_double_lane,M4,0.012034441675108152
1,18,1,beta_noacc,moderate,constant_22,M1,0.027382567085452766
1,18,1,beta_noacc,moderate,constant_22,M2,0.023236512048800725
1,18,1,beta_noacc,moderate,constant_22,M3,0.027052983496304184
1,18,1,beta_noacc,moderate,constant_22,M4,0.02287705395598963
1,18,1,beta_noacc,moderate,previous_s_curve,M1,0.038642529310789896
1,18,1,beta_noacc,moderate,previous_s_curve,M2,0.034089280452254594
1,18,1,beta_noacc,moderate,previous_s_curve,M3,0.03974301394978455
1,18,1,beta_noacc,moderate,previous_s_curve,M4,0.0352751166623948
1,18,1,beta_noacc,moderate,shifted_double_lane,M1,0.03382651696554937
1,18,1,beta_noacc,moderate,shifted_double_lane,M2,0.030416981813922526
1,18,1,beta_noacc,moderate,shifted_double_lane,M3,0.032172278602536894
1,18,1,beta_noacc,moderate,shifted_double_lane,M4,0.028500186615606805
1,18,1,beta_noacc,near_linear,constant_22,M1,0.013500799171158647
1,18,1,beta_noacc,near_linear,constant_22,M2,0.01146499307532298
1,18,1,beta_noacc,near_linear,constant_22,M3,0.013338506145995082
1,18,1,beta_noacc,near_linear,constant_22,M4,0.011285801341907088
1,18,1,beta_noacc,near_linear,previous_s_curve,M1,0.018498150806363866
1,18,1,beta_noacc,near_linear,previous_s_curve,M2,0.016240248302382698
1,18,1,beta_noacc,near_linear,previous_s_curve,M3,0.019028599226375145
1,18,1,beta_noacc,near_linear,previous_s_curve,M4,0.016816109002061118
1,18,1,beta_noacc,near_linear,shifted_double_lane,M1,0.016171795980982697
1,18,1,beta_noacc,near_linear,shifted_double_lane,M2,0.014522434744505102
1,18,1,beta_noacc,near_linear,shifted_double_lane,M3,0.015360353882573624
1,18,1,beta_noacc,near_linear,shifted_double_lane,M4,0.013569752929023592
1,18,1,beta_noacc,strong,constant_22,M1,0.042196984052900614
1,18,1,beta_noacc,strong,constant_22,M2,0.035789754299727514
1,18,1,beta_noacc,strong,constant_22,M3,0.04168662119754664
1,18,1,beta_noacc,strong,constant_22,M4,0.03524289291024181
1,18,1,beta_noacc,strong,previous_s_curve,M1,0.06315064499194291
1,18,1,beta_noacc,strong,previous_s_curve,M2,0.05628376710275863
1,18,1,beta_noacc,strong,previous_s_curve,M3,0.06492431792027804
1,18,1,beta_noacc,strong,previous_s_curve,M4,0.058173813015662705
1,18,1,beta_noacc,strong,shifted_double_lane,M1,0.0554058443557228
1,18,1,beta_noacc,strong,shifted_double_lane,M2,0.05006867561099658
1,18,1,beta_noacc,strong,shifted_double_lane,M3,0.052797911178317045
1,18,1,beta_noacc,strong,shifted_double_lane,M4,0.047110150148144306
1,18,1,legacy,moderate,constant_22,M1,0.027382567085452766
1,18,1,legacy,moderate,constant_22,M2,0.023236512048800725
1,18,1,legacy,moderate,constant_22,M3,0.027052983496304184
1,18,1,legacy,moderate,constant_22,M4,0.02287705395598963
1,18,1,legacy,moderate,previous_s_curve,M1,0.03863934085430574
1,18,1,legacy,moderate,previous_s_curve,M2,0.0340849084663143
1,18,1,legacy,moderate,previous_s_curve,M3,0.039739150127821844
1,18,1,legacy,moderate,previous_s_curve,M4,0.035270063180227955
1,18,1,legacy,moderate,shifted_double_lane,M1,0.03383009787647018
1,18,1,legacy,moderate,shifted_double_lane,M2,0.030421118375014433
1,18,1,legacy,moderate,shifted_double_lane,M3,0.03217576994174381
1,18,1,legacy,moderate,shifted_double_lane,M4,0.028504292298329605
1,18,1,legacy,near_linear,constant_22,M1,0.013500799171158647
1,18,1,legacy,near_linear,constant_22,M2,0.011464993075322982
1,18,1,legacy,near_linear,constant_22,M3,0.013338506145995082
1,18,1,legacy,near_linear,constant_22,M4,0.011285801341907088
1,18,1,legacy,near_linear,previous_s_curve,M1,0.018496389516494283
1,18,1,legacy,near_linear,previous_s_curve,M2,0.016237899894122176
1,18,1,legacy,near_linear,previous_s_curve,M3,0.019026487824464276
1,18,1,legacy,near_linear,previous_s_curve,M4,0.016813405635828456
1,18,1,legacy,near_linear,shifted_double_lane,M1,0.01617359254148326
1,18,1,legacy,near_linear,shifted_double_lane,M2,0.014524494397321336
1,18,1,legacy,near_linear,shifted_double_lane,M3,0.015362097252103918
1,18,1,legacy,near_linear,shifted_double_lane,M4,0.013571793481780364
1,18,1,legacy,strong,constant_22,M1,0.042196984052900614
1,18,1,legacy,strong,constant_22,M2,0.035789754299727514
1,18,1,legacy,strong,constant_22,M3,0.04168662119754664
1,18,1,legacy,strong,constant_22,M4,0.0352428929102418
1,18,1,legacy,strong,previous_s_curve,M1,0.06314721115956493
1,18,1,legacy,strong,previous_s_curve,M2,0.05627862772330578
1,18,1,legacy,strong,previous_s_curve,M3,0.06491993494320077
1,18,1,legacy,strong,previous_s_curve,M4,0.05816772384585247
1,18,1,legacy,strong,shifted_double_lane,M1,0.055411160549996306
1,18,1,legacy,strong,shifted_double_lane,M2,0.050074908417246565
1,18,1,legacy,strong,shifted_double_lane,M3,0.05280314961939658
1,18,1,legacy,strong,shifted_double_lane,M4,0.04711637360500843
1,18,1,vy,moderate,constant_22,M1,0.027382567085452766
1,18,1,vy,moderate,constant_22,M2,0.02323651204880072
1,18,1,vy,moderate,constant_22,M3,0.027052983496304184
1,18,1,vy,moderate,constant_22,M4,0.02287705395598963
1,18,1,vy,moderate,previous_s_curve,M1,0.03866215331028473
1,18,1,vy,moderate,previous_s_curve,M2,0.034096555081397605
1,18,1,vy,moderate,previous_s_curve,M3,0.039762867810049715
1,18,1,vy,moderate,previous_s_curve,M4,0.03528204206704232
1,18,1,vy,moderate,shifted_double_lane,M1,0.03382224134728867
1,18,1,vy,moderate,shifted_double_lane,M2,0.03041319675805091
1,18,1,vy,moderate,shifted_double_lane,M3,0.032168548436775746
1,18,1,vy,moderate,shifted_double_lane,M4,0.02849483670708116
1,18,1,vy,near_linear,constant_22,M1,0.013500799171158647
1,18,1,vy,near_linear,constant_22,M2,0.011464993075322982
1,18,1,vy,near_linear,constant_22,M3,0.013338506145995082
1,18,1,vy,near_linear,constant_22,M4,0.011285801341907088
1,18,1,vy,near_linear,previous_s_curve,M1,0.018504311776885603
1,18,1,vy,near_linear,previous_s_curve,M2,0.016241027829591307
1,18,1,vy,near_linear,previous_s_curve,M3,0.019034868656524817
1,18,1,vy,near_linear,previous_s_curve,M4,0.016816679801232234
1,18,1,vy,near_linear,shifted_double_lane,M1,0.016169646002775456
1,18,1,vy,near_linear,shifted_double_lane,M2,0.014520308260940687
1,18,1,vy,near_linear,shifted_double_lane,M3,0.015358306190171145
1,18,1,vy,near_linear,shifted_double_lane,M4,0.013566733923626464
1,18,1,vy,strong,constant_22,M1,0.04219698405290061
1,18,1,vy,strong,constant_22,M2,0.035789754299727514
1,18,1,vy,strong,constant_22,M3,0.04168662119754664
1,18,1,vy,strong,constant_22,M4,0.03524289291024181
1,18,1,vy,strong,previous_s_curve,M1,0.06320941450932033
1,18,1,vy,strong,previous_s_curve,M2,0.05631987950864288
1,18,1,vy,strong,previous_s_curve,M3,0.06498329314735388
1,18,1,vy,strong,previous_s_curve,M4,0.05820943658460751
1,18,1,vy,strong,shifted_double_lane,M1,0.05540013522390583
1,18,1,vy,strong,shifted_double_lane,M2,0.05006571948333529
1,18,1,vy,strong,shifted_double_lane,M3,0.05279421305007219
1,18,1,vy,strong,shifted_double_lane,M4,0.04710573866413345
1,18,2,beta_noacc,moderate,constant_22,M1,0.00969995006636033
1,18,2,beta_noacc,moderate,constant_22,M2,0.006474795176546391
1,18,2,beta_noacc,moderate,constant_22,M3,0.009486177725657937
1,18,2,beta_noacc,moderate,constant_22,M4,0.006331548203572351
1,18,2,beta_noacc,moderate,previous_s_curve,M1,0.013102667594547666
1,18,2,beta_noacc,moderate,previous_s_curve,M2,0.009383721015401155
1,18,2,beta_noacc,moderate,previous_s_curve,M3,0.013514417826672419
1,18,2,beta_noacc,moderate,previous_s_curve,M4,0.009747797836066066
1,18,2,beta_noacc,moderate,shifted_double_lane,M1,0.011847102897805788
1,18,2,beta_noacc,moderate,shifted_double_lane,M2,0.008791869214616586
1,18,2,beta_noacc,moderate,shifted_double_lane,M3,0.010983780603549875
1,18,2,beta_noacc,moderate,shifted_double_lane,M4,0.007852036879914178
1,18,2,beta_noacc,near_linear,constant_22,M1,0.0047843682491897814
1,18,2,beta_noacc,near_linear,constant_22,M2,0.00319804115571256
1,18,2,beta_noacc,near_linear,constant_22,M3,0.004677693466460456
1,18,2,beta_noacc,near_linear,constant_22,M4,0.003123053569319756
1,18,2,beta_noacc,near_linear,previous_s_curve,M1,0.00629385384774654
1,18,2,beta_noacc,near_linear,previous_s_curve,M2,0.004469675320437772
1,18,2,beta_noacc,near_linear,previous_s_curve,M3,0.006489404278077252
1,18,2,beta_noacc,near_linear,previous_s_curve,M4,0.0046441482125622125
1,18,2,beta_noacc,near_linear,shifted_double_lane,M1,0.005693928677718923
1,18,2,beta_noacc,near_linear,shifted_double_lane,M2,0.004235983176859695
1,18,2,beta_noacc,near_linear,shifted_double_lane,M3,0.0052590521026690575
1,18,2,beta_noacc,near_linear,shifted_double_lane,M4,0.003743443930124148
1,18,2,beta_noacc,strong,constant_22,M1,0.014932582844144168
1,18,2,beta_noacc,strong,constant_22,M2,0.00995590355933688
1,18,2,beta_noacc,strong,constant_22,M3,0.014610791363874182
1,18,2,beta_noacc,strong,constant_22,M4,0.009757833381944364
1,18,2,beta_noacc,strong,previous_s_curve,M1,0.021298637553811197
1,18,2,beta_noacc,strong,previous_s_curve,M2,0.015515214374187713
1,18,2,beta_noacc,strong,previous_s_curve,M3,0.02197314267585918
1,18,2,beta_noacc,strong,previous_s_curve,M4,0.016105495817918043
1,18,2,beta_noacc,strong,shifted_double_lane,M1,0.019231165089853588
1,18,2,beta_noacc,strong,shifted_double_lane,M2,0.014269220931512543
1,18,2,beta_noacc,strong,shifted_double_lane,M3,0.01794651586435325
1,18,2,beta_noacc,strong,shifted_double_lane,M4,0.012963435605344504
1,18,2,legacy,moderate,constant_22,M1,0.00969995006636033
1,18,2,legacy,moderate,constant_22,M2,0.0064747951765463906
1,18,2,legacy,moderate,constant_22,M3,0.009486177725657938
1,18,2,legacy,moderate,constant_22,M4,0.006331548203572351
1,18,2,legacy,moderate,previous_s_curve,M1,0.013102426843011824
1,18,2,legacy,moderate,previous_s_curve,M2,0.009382840403682086
1,18,2,legacy,moderate,previous_s_curve,M3,0.013513847982563191
1,18,2,legacy,moderate,previous_s_curve,M4,0.009746563253573213
1,18,2,legacy,moderate,shifted_double_lane,M1,0.011847821372201623
1,18,2,legacy,moderate,shifted_double_lane,M2,0.008792853143115507
1,18,2,legacy,moderate,shifted_double_lane,M3,0.01098446041310686
1,18,2,legacy,moderate,shifted_double_lane,M4,0.007853009098327032
1,18,2,legacy,near_linear,constant_22,M1,0.004784368249189782
1,18,2,legacy,near_linear,constant_22,M2,0.003198041155712561
1,18,2,legacy,near_linear,constant_22,M3,0.004677693466460456
1,18,2,legacy,near_linear,constant_22,M4,0.0031230535693197556
1,18,2,legacy,near_linear,previous_s_curve,M1,0.006293717426357619
1,18,2,legacy,near_linear,previous_s_curve,M2,0.004469232705767953
1,18,2,legacy,near_linear,previous_s_curve,M3,0.006489096903101937
1,18,2,legacy,near_linear,previous_s_curve,M4,0.004643519091450458
1,18,2,legacy,near_linear,shifted_double_lane,M1,0.005694289237480757
1,18,2,legacy,near_linear,shifted_double_lane,M2,0.004236471043394124
1,18,2,legacy,near_linear,shifted_double_lane,M3,0.005259390701036154
1,18,2,legacy,near_linear,shifted_double_lane,M4,0.0037439280458499173
1,18,2,legacy,strong,constant_22,M1,0.014932582844144168
1,18,2,legacy,strong,constant_22,M2,0.009955903559336881
1,18,2,legacy,strong,constant_22,M3,0.014610791363874182
1,18,2,legacy,strong,constant_22,M4,0.009757833381944364
1,18,2,legacy,strong,previous_s_curve,M1,0.021298444557434994
1,18,2,legacy,strong,previous_s_curve,M2,0.015514004523568454
1,18,2,legacy,strong,previous_s_curve,M3,0.021972489607411806
1,18,2,legacy,strong,previous_s_curve,M4,0.01610380468955125
1,18,2,legacy,strong,shifted_double_lane,M1,0.019232232861240074
1,18,2,legacy,strong,shifted_double_lane,M2,0.014270710356012935
1,18,2,legacy,strong,shifted_double_lane,M3,0.01794754145437783
1,18,2,legacy,strong,shifted_double_lane,M4,0.012964899901982128
1,18,2,vy,moderate,constant_22,M1,0.009699950066360331
1,18,2,vy,moderate,constant_22,M2,0.006474795176546392
1,18,2,vy,moderate,constant_22,M3,0.009486177725657937
1,18,2,vy,moderate,constant_22,M4,0.006331548203572352
1,18,2,vy,moderate,previous_s_curve,M1,0.01310845566179375
1,18,2,vy,moderate,previous_s_curve,M2,0.009386064270072925
1,18,2,vy,moderate,previous_s_curve,M3,0.013520312753399344
1,18,2,vy,moderate,previous_s_curve,M4,0.009750547145869164
1,18,2,vy,moderate,shifted_double_lane,M1,0.011845847042055314
1,18,2,vy,moderate,shifted_double_lane,M2,0.008790376576494752
1,18,2,vy,moderate,shifted_double_lane,M3,0.010982857769913255
1,18,2,vy,moderate,shifted_double_lane,M4,0.007850264067755196
1,18,2,vy,near_linear,constant_22,M1,0.0047843682491897814
1,18,2,vy,near_linear,constant_22,M2,0.003198041155712561
1,18,2,vy,near_linear,constant_22,M3,0.004677693466460456
1,18,2,vy,near_linear,constant_22,M4,0.0031230535693197556
1,18,2,vy,near_linear,previous_s_curve,M1,0.006295987221831352
1,18,2,vy,near_linear,previous_s_curve,M2,0.00447038536561631
1,18,2,vy,near_linear,previous_s_curve,M3,0.006491584324214559
1,18,2,vy,near_linear,previous_s_curve,M4,0.0046450247067728375
1,18,2,vy,near_linear,shifted_double_lane,M1,0.005693349671499755
1,18,2,vy,near_linear,shifted_double_lane,M2,0.004235286150856944
1,18,2,vy,near_linear,shifted_double_lane,M3,0.005258590612674559
1,18,2,vy,near_linear,shifted_double_lane,M4,0.0037425783843083277
1,18,2,vy,strong,constant_22,M1,0.014932582844144168
1,18,2,vy,strong,constant_22,M2,0.009955903559336881
1,18,2,vy,strong,constant_22,M3,0.014610791363874182
1,18,2,vy,strong,constant_22,M4,0.009757833381944364
1,18,2,vy,strong,previous_s_curve,M1,0.021313589325342726
1,18,2,vy,strong,previous_s_curve,M2,0.015522881244096662
1,18,2,vy,strong,previous_s_curve,M3,0.02198820496572821
1,18,2,vy,strong,previous_s_curve,M4,0.016113907264474765
1,18,2,vy,strong,shifted_double_lane,M1,0.019229143789949762
1,18,2,vy,strong,shifted_double_lane,M2,0.01426692772056576
1,18,2,vy,strong,shifted_double_lane,M3,0.017945331966417656
1,18,2,vy,strong,shifted_double_lane,M4,0.012960888459693428
